EMP001, EN002, AD003, GN004, DOB005, AG006, PN007, MN008, MS009, EM010
Y2145,魏宛禹,台北市中正區忠孝里5鄰忠孝東路一段12巷34號3樓,Male,19841121,39,48363214,0930-817-285,單身,alexandraweber@example.org
U2206,林昀琉,新北市板橋區和平里8鄰中山路三段56號,Male,19961129,27,28655680,0974-436-176,單身,calebchavez@example.org
X2889,魏于嬋,台中市西屯區光明里12鄰台灣大道二段78巷90弄123號6樓,Male,19881011,35,39740641,0912-128-942,已婚,ysanchez@example.org
L2699,黃容旭,台南市東區永安里3鄰民族路一段45號,Male,19950321,29,50195178,0984-381-663,單身,frystacie@example.net
K2546,賴芯菡,高雄市鼓山區仁愛里7鄰復興路四段67弄89號之2,Female,19821214,41,51475027,0973-286-674,單身,christopherlewis@example.com
F2871,黎奕舒,桃園市中壢區信義里15鄰和平路三段89號2樓,Male,20000803,23,39132904,0972-592-429,已婚,danny85@example.com
B1436,吳光磊,新竹市北區中山里1鄰中華路四段123巷45號,Female,19770510,47,27056778,0979-386-669,已婚,ifinley@example.org
W1150,洪林歆,嘉義市東區民生里10鄰成功路五段67弄89號8樓之1,Female,19820419,42,28786879,0941-754-753,單身,carpenterkimberly@example.org
V1046,陳濮舒,基隆市安南區大同里20鄰光復路二段12巷34號,Male,19820523,42,47638366,0912-438-524,單身,igarcia@example.com
A1405,曾添瑩,彰化市三重區福德里18鄰仁愛路一段56號3樓,Male,19940412,30,82047457,0984-533-006,已婚,vkelley@example.org
