CUS001, CN002, AD003, GN004, DOB005, AG006, PN007, MN008, MS009, EM010
H2664,林丹雨,台北市中正區忠孝里10鄰忠孝東路一段50號5樓之2,Male,19830113,41,62132962,0904-722-701,已婚,mendezchristopher@example.net
X1760,賴凰鳴,新北市板橋區和平里15鄰中山路三段90號8樓,Male,19810408,43,28765341,0933-427-905,單身,tracy35@example.org
O1949,周塵文,台中市西屯區光明里3鄰台灣大道四段120號之1,Male,19740916,49,65938501,0968-056-714,單身,munozpatrick@example.com
Z2432,鄭慧飛,台南市東區永安里20鄰民族路二段85號3樓,Female,19860515,38,53025300,0988-063-716,已婚,marklong@example.org
C2834,王亞鬆,高雄市鼓山區仁愛里25鄰復興路一段45巷30弄15號4樓,Male,19840828,39,70143784,0933-584-747,單身,russellstephanie@example.com
O2672,孫捷玟,桃園市中壢區信義里5鄰和平路五段75號,Female,19711026,52,41627336,0922-628-819,已婚,martinchristopher@example.org
J2985,胡正爾,新竹市北區中山里8鄰中華路三段110號,Female,19861027,37,63217071,0918-979-768,單身,hopkinssteven@example.com
U1092,王曉明,嘉義市東區民生里12鄰成功路四段95號9樓,Female,19860917,37,26843806,0918-001-054,已婚,blanchardemily@example.net
U2636,江可微,基隆市安南區大同里17鄰光復路二段100號之4,Female,19941204,29,29384110,0980-075-567,單身,bsingh@example.com
C2526,王喧海,彰化市三重區福德里1鄰仁愛路五段200號6樓,Female,19780402,46,43815785,0988-058-288,已婚,nicole44@example.com
D1287,田杉遠,台北市中正區忠孝里2鄰忠孝東路三段130巷20號,Male,19791117,44,48865801,0912-450-845,已婚,diazjames@example.org
A1849,王斯運,新北市板橋區和平里18鄰中山路五段45弄60號7樓,Male,19910829,32,54223056,0917-180-014,單身,fitzgeraldpatricia@example.org
E2600,林銀霞,台中市西屯區光明里13鄰台灣大道二段160號之5,Female,19810916,42,76952454,0939-976-952,已婚,carolynstevens@example.org
Y1718,鄒祺興,台南市東區永安里9鄰民族路四段55號2樓,Male,19720830,51,51032166,0901-319-611,單身,sherry97@example.org
I1055,張實豪,高雄市鼓山區仁愛里4鄰復興路三段25巷10弄90號,Female,19980715,26,80283333,0916-148-528,已婚,allenomar@example.org
A2401,顏平言,桃園市中壢區信義里6鄰和平路一段70號3樓,Male,19710404,53,76909842,0900-441-636,單身,rodney76@example.net
G1787,詹剛勝,新竹市北區中山里14鄰中華路五段140號之3,Female,19720822,51,35361397,0971-578-248,單身,breannajoyce@example.com
B2099,洪安文,嘉義市東區民生里21鄰成功路一段65號8樓,Male,19820608,42,63778720,0937-164-390,已婚,ahobbs@example.org
X1422,吳光理,基隆市安南區大同里11鄰光復路三段190號4樓,Female,19961226,27,57236091,0996-217-232,已婚,robert41@example.com
W2337,涂玉芸,彰化市三重區福德里19鄰仁愛路一段175巷30號之1,Female,19731022,50,77068676,0911-428-563,單身,michelle77@example.org
