BID001,BN002,BL003,BM004,OD005,NOE006,BCN007,BE008,BD009
101,中央分行,市中心,曾家瑜,20161009,16,0946-193488,gangshi@example.net,市中心的主要分行
102,安和分行,北區,武雅萍,20150311,12,065 41207634,bxiang@example.com,位於北區的分行
103,台北101分行,東區,蘇雅琪,20180215,44,0947-413146,ming65@example.org,位於東區的分行
104,華江分行,南區,羅雅玲,20150803,42,0930327091,yan42@example.org,位於南區的分行
105,雙和分行,西區,鐘俊宏,20170812,23,09-43379149,qiangpan@example.com,位於西區的分行
