Transaction_ID,Transaction_Date,Employee_ID,Employee_Name,Customer_ID,Customer_Name,Product_Name,Transaction_Amount
00001,20220101,X2889,魏于嬋,J2985,胡正爾,富邦高成長基金,47147
00002,20220102,B1436,吳光磊,U1092,王曉明,富邦全球投資等級債券,83869
00003,20220102,B1436,吳光磊,J2985,胡正爾,富邦精準基金,49198
00004,20220104,B1436,吳光磊,H2664,林丹雨,富邦長紅基金,8925
00005,20220104,W1150,洪林歆,E2600,林銀霞,富邦吉祥貨幣市場基金,40210
00006,20220105,K2546,賴芯菡,X1760,賴凰鳴,富邦大中華成長基金,26218
00007,20220107,X2889,魏于嬋,E2600,林銀霞,富邦全球投資等級債券,49585
00008,20220109,V1046,陳濮舒,A2401,顏平言,富邦長紅基金,23942
00009,20220109,L2699,黃容旭,O1949,周塵文,富邦精準基金,27744
00010,20220109,A1405,曾添瑩,A2401,顏平言,富邦高成長基金,6868
00011,20220109,Y2145,魏宛禹,U1092,王曉明,富邦全球不動產基金,6284
00012,20220109,L2699,黃容旭,H2664,林丹雨,富邦科技基金富邦台灣心基金,2755
00013,20220111,W1150,洪林歆,Z2432,鄭慧飛,富邦大中華成長基金,38692
00014,20220112,U2206,林昀琉,Y1718,鄒祺興,富邦大中華成長基金,29773
00015,20220114,A1405,曾添瑩,G1787,詹剛勝,富邦精銳中小基金,50003
00016,20220116,K2546,賴芯菡,Z2432,鄭慧飛,富邦吉祥貨幣市場基金,43829
00017,20220117,Y2145,魏宛禹,G1787,詹剛勝,富邦全球投資等級債券,34495
00018,20220117,V1046,陳濮舒,Z2432,鄭慧飛,富邦全球投資等級債券,70686
00019,20220118,W1150,洪林歆,O1949,周塵文,富邦精銳中小基金,89983
00020,20220120,B1436,吳光磊,I1055,張實豪,富邦全球不動產基金,36655
00021,20220121,Y2145,魏宛禹,C2834,王亞鬆,富邦長紅基金,63010
00022,20220122,A1405,曾添瑩,Y1718,鄒祺興,富邦科技基金富邦台灣心基金,6118
00023,20220123,U2206,林昀琉,A2401,顏平言,富邦全球不動產基金,45389
00024,20220123,V1046,陳濮舒,U2636,江可微,富邦精銳中小基金,41280
00025,20220124,X2889,魏于嬋,C2526,王喧海,富邦長紅基金,52923
00026,20220124,F2871,黎奕舒,B2099,洪安文,富邦全球不動產基金,28125
00027,20220125,U2206,林昀琉,C2526,王喧海,富邦科技基金富邦台灣心基金,65685
00028,20220125,Y2145,魏宛禹,E2600,林銀霞,富邦全球不動產基金,96755
00029,20220126,V1046,陳濮舒,U1092,王曉明,富邦長紅基金,79534
00030,20220127,Y2145,魏宛禹,O1949,周塵文,富邦吉祥貨幣市場基金,23901
00031,20220128,F2871,黎奕舒,C2526,王喧海,富邦長紅基金,87736
00032,20220129,X2889,魏于嬋,X1422,吳光理,富邦精銳中小基金,24789
00033,20220129,K2546,賴芯菡,I1055,張實豪,富邦全球不動產基金,96845
00034,20220131,X2889,魏于嬋,I1055,張實豪,富邦大中華成長基金,9485
00035,20220131,Y2145,魏宛禹,U1092,王曉明,富邦全球投資等級債券,82461
00036,20220201,Y2145,魏宛禹,X1760,賴凰鳴,富邦全球不動產基金,64109
00037,20220201,Y2145,魏宛禹,U2636,江可微,富邦大中華成長基金,44270
00038,20220202,X2889,魏于嬋,X1760,賴凰鳴,富邦全球不動產基金,38600
00039,20220202,B1436,吳光磊,X1422,吳光理,富邦吉祥貨幣市場基金,46364
00040,20220203,U2206,林昀琉,C2834,王亞鬆,富邦高成長基金,62308
00041,20220203,L2699,黃容旭,D1287,田杉遠,富邦長紅基金,70599
00042,20220204,F2871,黎奕舒,Y1718,鄒祺興,富邦精銳中小基金,68059
00043,20220207,L2699,黃容旭,O2672,孫捷玟,富邦吉祥貨幣市場基金,84984
00044,20220207,K2546,賴芯菡,U1092,王曉明,富邦長紅基金,88982
00045,20220208,V1046,陳濮舒,U2636,江可微,富邦精銳中小基金,6844
00046,20220209,B1436,吳光磊,Y1718,鄒祺興,富邦精準基金,99388
00047,20220209,K2546,賴芯菡,C2834,王亞鬆,富邦長紅基金,19863
00048,20220209,F2871,黎奕舒,H2664,林丹雨,富邦精銳中小基金,16640
00049,20220210,F2871,黎奕舒,C2526,王喧海,富邦長紅基金,71269
00050,20220210,Y2145,魏宛禹,H2664,林丹雨,富邦精銳中小基金,95663
00051,20220210,U2206,林昀琉,G1787,詹剛勝,富邦精銳中小基金,16980
00052,20220210,F2871,黎奕舒,A1849,王斯運,富邦全球不動產基金,89307
00053,20220212,X2889,魏于嬋,C2526,王喧海,富邦精準基金,52401
00054,20220213,L2699,黃容旭,X1760,賴凰鳴,富邦全球不動產基金,31553
00055,20220213,K2546,賴芯菡,X1422,吳光理,富邦精銳中小基金,92182
00056,20220214,Y2145,魏宛禹,B2099,洪安文,富邦科技基金富邦台灣心基金,37992
00057,20220214,U2206,林昀琉,D1287,田杉遠,富邦精銳中小基金,19855
00058,20220218,Y2145,魏宛禹,X1422,吳光理,富邦全球投資等級債券,72831
00059,20220219,W1150,洪林歆,G1787,詹剛勝,富邦大中華成長基金,6225
00060,20220219,Y2145,魏宛禹,B2099,洪安文,富邦大中華成長基金,21316
00061,20220220,X2889,魏于嬋,A1849,王斯運,富邦長紅基金,96999
00062,20220220,A1405,曾添瑩,O2672,孫捷玟,富邦全球不動產基金,92935
00063,20220221,X2889,魏于嬋,O1949,周塵文,富邦精準基金,95780
00064,20220222,B1436,吳光磊,A1849,王斯運,富邦全球投資等級債券,9849
00065,20220224,K2546,賴芯菡,C2834,王亞鬆,富邦精銳中小基金,28165
00066,20220225,Y2145,魏宛禹,C2526,王喧海,富邦精銳中小基金,33524
00067,20220225,B1436,吳光磊,X1760,賴凰鳴,富邦科技基金富邦台灣心基金,24124
00068,20220225,X2889,魏于嬋,C2834,王亞鬆,富邦全球投資等級債券,68807
00069,20220227,K2546,賴芯菡,A2401,顏平言,富邦大中華成長基金,22502
00070,20220301,L2699,黃容旭,O2672,孫捷玟,富邦長紅基金,52192
00071,20220301,A1405,曾添瑩,X1760,賴凰鳴,富邦精銳中小基金,46365
00072,20220302,K2546,賴芯菡,A2401,顏平言,富邦高成長基金,13744
00073,20220303,L2699,黃容旭,D1287,田杉遠,富邦長紅基金,11994
00074,20220304,A1405,曾添瑩,E2600,林銀霞,富邦大中華成長基金,44574
00075,20220304,U2206,林昀琉,H2664,林丹雨,富邦精銳中小基金,75083
00076,20220304,Y2145,魏宛禹,D1287,田杉遠,富邦全球投資等級債券,20009
00077,20220306,F2871,黎奕舒,H2664,林丹雨,富邦精銳中小基金,29257
00078,20220306,L2699,黃容旭,X1422,吳光理,富邦高成長基金,85853
00079,20220306,V1046,陳濮舒,X1760,賴凰鳴,富邦全球不動產基金,89078
00080,20220306,W1150,洪林歆,I1055,張實豪,富邦精準基金,18935
00081,20220307,B1436,吳光磊,J2985,胡正爾,富邦全球投資等級債券,87495
00082,20220307,A1405,曾添瑩,O2672,孫捷玟,富邦精準基金,38688
00083,20220310,X2889,魏于嬋,D1287,田杉遠,富邦大中華成長基金,84400
00084,20220310,B1436,吳光磊,Z2432,鄭慧飛,富邦高成長基金,48561
00085,20220311,Y2145,魏宛禹,O2672,孫捷玟,富邦高成長基金,66796
00086,20220312,F2871,黎奕舒,C2526,王喧海,富邦全球投資等級債券,95363
00087,20220312,A1405,曾添瑩,G1787,詹剛勝,富邦科技基金富邦台灣心基金,41332
00088,20220313,K2546,賴芯菡,O1949,周塵文,富邦精銳中小基金,74580
00089,20220313,U2206,林昀琉,G1787,詹剛勝,富邦精銳中小基金,71921
00090,20220313,W1150,洪林歆,Z2432,鄭慧飛,富邦吉祥貨幣市場基金,5619
00091,20220314,K2546,賴芯菡,I1055,張實豪,富邦全球投資等級債券,35602
00092,20220315,L2699,黃容旭,J2985,胡正爾,富邦精銳中小基金,66272
00093,20220315,X2889,魏于嬋,U2636,江可微,富邦大中華成長基金,68042
00094,20220316,X2889,魏于嬋,W2337,涂玉芸,富邦精準基金,94799
00095,20220317,V1046,陳濮舒,E2600,林銀霞,富邦高成長基金,81315
00096,20220319,V1046,陳濮舒,Z2432,鄭慧飛,富邦科技基金富邦台灣心基金,3874
00097,20220319,B1436,吳光磊,U1092,王曉明,富邦大中華成長基金,10695
00098,20220320,X2889,魏于嬋,Y1718,鄒祺興,富邦長紅基金,6010
00099,20220322,K2546,賴芯菡,B2099,洪安文,富邦精準基金,27402
00100,20220323,U2206,林昀琉,X1422,吳光理,富邦科技基金富邦台灣心基金,62474
00101,20220324,U2206,林昀琉,X1422,吳光理,富邦吉祥貨幣市場基金,40838
00102,20220325,B1436,吳光磊,E2600,林銀霞,富邦高成長基金,55776
00103,20220325,Y2145,魏宛禹,A2401,顏平言,富邦長紅基金,60761
00104,20220325,X2889,魏于嬋,U2636,江可微,富邦高成長基金,46743
00105,20220326,B1436,吳光磊,B2099,洪安文,富邦精銳中小基金,13055
00106,20220327,F2871,黎奕舒,Z2432,鄭慧飛,富邦高成長基金,98837
00107,20220328,K2546,賴芯菡,E2600,林銀霞,富邦長紅基金,41849
00108,20220328,K2546,賴芯菡,C2526,王喧海,富邦科技基金富邦台灣心基金,50555
00109,20220328,W1150,洪林歆,B2099,洪安文,富邦精銳中小基金,44052
00110,20220330,L2699,黃容旭,X1422,吳光理,富邦全球不動產基金,70059
00111,20220330,K2546,賴芯菡,X1422,吳光理,富邦精銳中小基金,39194
00112,20220330,V1046,陳濮舒,C2834,王亞鬆,富邦大中華成長基金,90304
00113,20220330,B1436,吳光磊,G1787,詹剛勝,富邦長紅基金,96305
00114,20220331,Y2145,魏宛禹,B2099,洪安文,富邦大中華成長基金,82652
00115,20220401,L2699,黃容旭,J2985,胡正爾,富邦大中華成長基金,49297
00116,20220402,L2699,黃容旭,O1949,周塵文,富邦精準基金,53249
00117,20220402,F2871,黎奕舒,A2401,顏平言,富邦吉祥貨幣市場基金,74023
00118,20220403,L2699,黃容旭,A2401,顏平言,富邦精準基金,89114
00119,20220403,B1436,吳光磊,U1092,王曉明,富邦高成長基金,89993
00120,20220403,L2699,黃容旭,U1092,王曉明,富邦精銳中小基金,81236
00121,20220406,F2871,黎奕舒,U2636,江可微,富邦大中華成長基金,45827
00122,20220406,A1405,曾添瑩,B2099,洪安文,富邦精準基金,93033
00123,20220406,X2889,魏于嬋,Y1718,鄒祺興,富邦精銳中小基金,33957
00124,20220407,L2699,黃容旭,A1849,王斯運,富邦精準基金,66878
00125,20220408,L2699,黃容旭,I1055,張實豪,富邦精銳中小基金,72247
00126,20220411,X2889,魏于嬋,G1787,詹剛勝,富邦精準基金,33038
00127,20220411,A1405,曾添瑩,D1287,田杉遠,富邦吉祥貨幣市場基金,91641
00128,20220412,B1436,吳光磊,A1849,王斯運,富邦高成長基金,93242
00129,20220412,X2889,魏于嬋,A1849,王斯運,富邦精準基金,67492
00130,20220413,X2889,魏于嬋,U2636,江可微,富邦精準基金,26676
00131,20220414,U2206,林昀琉,U2636,江可微,富邦大中華成長基金,14372
00132,20220416,A1405,曾添瑩,A1849,王斯運,富邦全球不動產基金,37903
00133,20220416,K2546,賴芯菡,Y1718,鄒祺興,富邦吉祥貨幣市場基金,34166
00134,20220419,V1046,陳濮舒,C2834,王亞鬆,富邦長紅基金,57811
00135,20220420,A1405,曾添瑩,A2401,顏平言,富邦精銳中小基金,94312
00136,20220422,X2889,魏于嬋,D1287,田杉遠,富邦精準基金,97400
00137,20220423,V1046,陳濮舒,U2636,江可微,富邦全球不動產基金,80638
00138,20220423,B1436,吳光磊,A1849,王斯運,富邦吉祥貨幣市場基金,12573
00139,20220423,Y2145,魏宛禹,Y1718,鄒祺興,富邦吉祥貨幣市場基金,81006
00140,20220424,L2699,黃容旭,O2672,孫捷玟,富邦高成長基金,23024
00141,20220424,U2206,林昀琉,W2337,涂玉芸,富邦吉祥貨幣市場基金,30714
00142,20220424,F2871,黎奕舒,A2401,顏平言,富邦吉祥貨幣市場基金,53347
00143,20220425,L2699,黃容旭,U2636,江可微,富邦全球投資等級債券,20201
00144,20220425,W1150,洪林歆,A1849,王斯運,富邦長紅基金,44990
00145,20220425,W1150,洪林歆,H2664,林丹雨,富邦全球不動產基金,30086
00146,20220426,A1405,曾添瑩,H2664,林丹雨,富邦吉祥貨幣市場基金,12294
00147,20220426,B1436,吳光磊,B2099,洪安文,富邦吉祥貨幣市場基金,6609
00148,20220426,F2871,黎奕舒,X1422,吳光理,富邦精準基金,47782
00149,20220426,U2206,林昀琉,C2834,王亞鬆,富邦科技基金富邦台灣心基金,1096
00150,20220426,Y2145,魏宛禹,X1422,吳光理,富邦精準基金,22613
00151,20220427,L2699,黃容旭,O2672,孫捷玟,富邦高成長基金,85353
00152,20220429,Y2145,魏宛禹,O2672,孫捷玟,富邦高成長基金,83530
00153,20220430,F2871,黎奕舒,U2636,江可微,富邦精準基金,9891
00154,20220430,X2889,魏于嬋,U1092,王曉明,富邦長紅基金,92526
00155,20220430,K2546,賴芯菡,E2600,林銀霞,富邦精準基金,26584
00156,20220430,W1150,洪林歆,X1760,賴凰鳴,富邦全球投資等級債券,87764
00157,20220430,B1436,吳光磊,E2600,林銀霞,富邦高成長基金,52948
00158,20220502,K2546,賴芯菡,X1422,吳光理,富邦大中華成長基金,89296
00159,20220503,X2889,魏于嬋,B2099,洪安文,富邦全球投資等級債券,56267
00160,20220503,V1046,陳濮舒,U2636,江可微,富邦精準基金,34603
00161,20220504,B1436,吳光磊,H2664,林丹雨,富邦長紅基金,27830
00162,20220504,U2206,林昀琉,I1055,張實豪,富邦全球不動產基金,76491
00163,20220505,B1436,吳光磊,W2337,涂玉芸,富邦精銳中小基金,54439
00164,20220506,L2699,黃容旭,A2401,顏平言,富邦長紅基金,77762
00165,20220507,X2889,魏于嬋,Z2432,鄭慧飛,富邦全球投資等級債券,76551
00166,20220508,F2871,黎奕舒,C2834,王亞鬆,富邦精準基金,39714
00167,20220509,K2546,賴芯菡,X1760,賴凰鳴,富邦長紅基金,4608
00168,20220510,B1436,吳光磊,B2099,洪安文,富邦科技基金富邦台灣心基金,57801
00169,20220512,A1405,曾添瑩,O1949,周塵文,富邦精銳中小基金,47415
00170,20220513,V1046,陳濮舒,C2834,王亞鬆,富邦高成長基金,11310
00171,20220513,V1046,陳濮舒,J2985,胡正爾,富邦精準基金,49892
00172,20220513,V1046,陳濮舒,B2099,洪安文,富邦長紅基金,84679
00173,20220513,K2546,賴芯菡,U2636,江可微,富邦吉祥貨幣市場基金,37651
00174,20220513,B1436,吳光磊,U1092,王曉明,富邦大中華成長基金,65237
00175,20220515,U2206,林昀琉,E2600,林銀霞,富邦吉祥貨幣市場基金,39227
00176,20220515,F2871,黎奕舒,U2636,江可微,富邦精銳中小基金,47530
00177,20220515,Y2145,魏宛禹,J2985,胡正爾,富邦高成長基金,41157
00178,20220515,B1436,吳光磊,B2099,洪安文,富邦全球不動產基金,7194
00179,20220516,U2206,林昀琉,C2526,王喧海,富邦吉祥貨幣市場基金,99023
00180,20220516,Y2145,魏宛禹,E2600,林銀霞,富邦吉祥貨幣市場基金,27094
00181,20220517,X2889,魏于嬋,O1949,周塵文,富邦科技基金富邦台灣心基金,98660
00182,20220519,F2871,黎奕舒,G1787,詹剛勝,富邦精銳中小基金,74392
00183,20220520,L2699,黃容旭,O2672,孫捷玟,富邦全球不動產基金,23316
00184,20220520,L2699,黃容旭,U1092,王曉明,富邦精準基金,9432
00185,20220521,L2699,黃容旭,D1287,田杉遠,富邦大中華成長基金,67620
00186,20220523,X2889,魏于嬋,C2526,王喧海,富邦大中華成長基金,48420
00187,20220524,F2871,黎奕舒,Y1718,鄒祺興,富邦長紅基金,47736
00188,20220524,K2546,賴芯菡,I1055,張實豪,富邦科技基金富邦台灣心基金,79445
00189,20220525,F2871,黎奕舒,D1287,田杉遠,富邦長紅基金,87257
00190,20220526,A1405,曾添瑩,W2337,涂玉芸,富邦高成長基金,94971
00191,20220526,V1046,陳濮舒,W2337,涂玉芸,富邦精準基金,55362
00192,20220526,X2889,魏于嬋,D1287,田杉遠,富邦科技基金富邦台灣心基金,15659
00193,20220527,X2889,魏于嬋,J2985,胡正爾,富邦高成長基金,4270
00194,20220528,X2889,魏于嬋,X1422,吳光理,富邦科技基金富邦台灣心基金,81143
00195,20220528,V1046,陳濮舒,X1760,賴凰鳴,富邦精準基金,36057
00196,20220528,L2699,黃容旭,W2337,涂玉芸,富邦全球投資等級債券,49949
00197,20220529,B1436,吳光磊,Z2432,鄭慧飛,富邦高成長基金,24343
00198,20220529,K2546,賴芯菡,C2834,王亞鬆,富邦長紅基金,16679
00199,20220529,A1405,曾添瑩,U2636,江可微,富邦精準基金,44012
00200,20220529,U2206,林昀琉,W2337,涂玉芸,富邦大中華成長基金,31914
00201,20220531,Y2145,魏宛禹,X1422,吳光理,富邦精銳中小基金,93296
00202,20220531,V1046,陳濮舒,C2526,王喧海,富邦全球不動產基金,23480
00203,20220602,W1150,洪林歆,Y1718,鄒祺興,富邦長紅基金,66514
00204,20220602,L2699,黃容旭,O1949,周塵文,富邦長紅基金,33856
00205,20220602,X2889,魏于嬋,J2985,胡正爾,富邦精銳中小基金,45664
00206,20220603,L2699,黃容旭,I1055,張實豪,富邦全球投資等級債券,73194
00207,20220605,F2871,黎奕舒,Y1718,鄒祺興,富邦大中華成長基金,42906
00208,20220607,W1150,洪林歆,W2337,涂玉芸,富邦全球投資等級債券,41047
00209,20220608,L2699,黃容旭,I1055,張實豪,富邦科技基金富邦台灣心基金,24551
00210,20220609,U2206,林昀琉,Y1718,鄒祺興,富邦全球投資等級債券,63111
00211,20220609,V1046,陳濮舒,H2664,林丹雨,富邦吉祥貨幣市場基金,52273
00212,20220610,L2699,黃容旭,U2636,江可微,富邦精銳中小基金,91552
00213,20220611,U2206,林昀琉,G1787,詹剛勝,富邦吉祥貨幣市場基金,2694
00214,20220611,V1046,陳濮舒,H2664,林丹雨,富邦精準基金,19785
00215,20220612,V1046,陳濮舒,Z2432,鄭慧飛,富邦精準基金,69412
00216,20220613,B1436,吳光磊,C2834,王亞鬆,富邦大中華成長基金,95407
00217,20220613,F2871,黎奕舒,W2337,涂玉芸,富邦高成長基金,99785
00218,20220613,W1150,洪林歆,C2834,王亞鬆,富邦長紅基金,36281
00219,20220614,V1046,陳濮舒,X1422,吳光理,富邦大中華成長基金,97117
00220,20220615,X2889,魏于嬋,C2526,王喧海,富邦長紅基金,54130
00221,20220615,X2889,魏于嬋,X1760,賴凰鳴,富邦精銳中小基金,39403
00222,20220615,W1150,洪林歆,E2600,林銀霞,富邦精準基金,96475
00223,20220616,B1436,吳光磊,X1422,吳光理,富邦精準基金,5904
00224,20220616,A1405,曾添瑩,U1092,王曉明,富邦精準基金,80608
00225,20220616,Y2145,魏宛禹,O1949,周塵文,富邦精準基金,97173
00226,20220617,X2889,魏于嬋,W2337,涂玉芸,富邦全球不動產基金,19530
00227,20220617,B1436,吳光磊,J2985,胡正爾,富邦精準基金,48407
00228,20220618,X2889,魏于嬋,U1092,王曉明,富邦全球不動產基金,90696
00229,20220619,X2889,魏于嬋,I1055,張實豪,富邦全球投資等級債券,23306
00230,20220620,L2699,黃容旭,W2337,涂玉芸,富邦吉祥貨幣市場基金,89862
00231,20220620,K2546,賴芯菡,O2672,孫捷玟,富邦精準基金,22035
00232,20220620,Y2145,魏宛禹,C2526,王喧海,富邦全球投資等級債券,57853
00233,20220621,X2889,魏于嬋,H2664,林丹雨,富邦長紅基金,65157
00234,20220621,L2699,黃容旭,O1949,周塵文,富邦精準基金,46323
00235,20220622,W1150,洪林歆,I1055,張實豪,富邦長紅基金,44050
00236,20220624,V1046,陳濮舒,C2834,王亞鬆,富邦全球投資等級債券,62330
00237,20220624,V1046,陳濮舒,C2526,王喧海,富邦科技基金富邦台灣心基金,12089
00238,20220625,Y2145,魏宛禹,I1055,張實豪,富邦高成長基金,85151
00239,20220626,X2889,魏于嬋,X1760,賴凰鳴,富邦精銳中小基金,69346
00240,20220626,V1046,陳濮舒,W2337,涂玉芸,富邦大中華成長基金,93279
00241,20220627,K2546,賴芯菡,E2600,林銀霞,富邦全球投資等級債券,66698
00242,20220627,V1046,陳濮舒,O1949,周塵文,富邦大中華成長基金,1765
00243,20220628,X2889,魏于嬋,D1287,田杉遠,富邦精準基金,87433
00244,20220628,K2546,賴芯菡,O1949,周塵文,富邦全球不動產基金,21310
00245,20220628,K2546,賴芯菡,X1422,吳光理,富邦全球不動產基金,40541
00246,20220629,U2206,林昀琉,E2600,林銀霞,富邦精準基金,98619
00247,20220629,B1436,吳光磊,W2337,涂玉芸,富邦全球投資等級債券,43548
00248,20220629,B1436,吳光磊,O1949,周塵文,富邦長紅基金,72737
00249,20220701,V1046,陳濮舒,C2526,王喧海,富邦科技基金富邦台灣心基金,80987
00250,20220701,B1436,吳光磊,G1787,詹剛勝,富邦長紅基金,84834
00251,20220702,A1405,曾添瑩,E2600,林銀霞,富邦精銳中小基金,31166
00252,20220703,A1405,曾添瑩,X1422,吳光理,富邦精準基金,25397
00253,20220704,B1436,吳光磊,C2834,王亞鬆,富邦科技基金富邦台灣心基金,2504
00254,20220704,W1150,洪林歆,C2526,王喧海,富邦全球不動產基金,80067
00255,20220705,W1150,洪林歆,A1849,王斯運,富邦吉祥貨幣市場基金,90452
00256,20220705,B1436,吳光磊,U1092,王曉明,富邦精準基金,20061
00257,20220706,K2546,賴芯菡,W2337,涂玉芸,富邦高成長基金,32159
00258,20220706,V1046,陳濮舒,O2672,孫捷玟,富邦吉祥貨幣市場基金,95475
00259,20220706,Y2145,魏宛禹,A2401,顏平言,富邦精銳中小基金,83444
00260,20220706,X2889,魏于嬋,D1287,田杉遠,富邦精銳中小基金,43518
00261,20220707,X2889,魏于嬋,C2526,王喧海,富邦吉祥貨幣市場基金,11165
00262,20220707,A1405,曾添瑩,A1849,王斯運,富邦全球投資等級債券,16284
00263,20220707,Y2145,魏宛禹,D1287,田杉遠,富邦精準基金,21322
00264,20220708,U2206,林昀琉,U1092,王曉明,富邦高成長基金,30570
00265,20220708,V1046,陳濮舒,O2672,孫捷玟,富邦吉祥貨幣市場基金,60643
00266,20220710,X2889,魏于嬋,H2664,林丹雨,富邦科技基金富邦台灣心基金,30558
00267,20220710,A1405,曾添瑩,E2600,林銀霞,富邦吉祥貨幣市場基金,84501
00268,20220711,L2699,黃容旭,Z2432,鄭慧飛,富邦全球不動產基金,43715
00269,20220712,A1405,曾添瑩,X1422,吳光理,富邦吉祥貨幣市場基金,8237
00270,20220712,L2699,黃容旭,D1287,田杉遠,富邦精準基金,55655
00271,20220713,U2206,林昀琉,Y1718,鄒祺興,富邦大中華成長基金,78171
00272,20220713,X2889,魏于嬋,H2664,林丹雨,富邦高成長基金,35422
00273,20220713,A1405,曾添瑩,J2985,胡正爾,富邦吉祥貨幣市場基金,13916
00274,20220714,U2206,林昀琉,Y1718,鄒祺興,富邦精準基金,74149
00275,20220714,F2871,黎奕舒,D1287,田杉遠,富邦吉祥貨幣市場基金,63524
00276,20220716,K2546,賴芯菡,O1949,周塵文,富邦高成長基金,38193
00277,20220718,W1150,洪林歆,B2099,洪安文,富邦長紅基金,7023
00278,20220719,A1405,曾添瑩,D1287,田杉遠,富邦精銳中小基金,16923
00279,20220720,A1405,曾添瑩,X1422,吳光理,富邦大中華成長基金,69594
00280,20220720,K2546,賴芯菡,Y1718,鄒祺興,富邦全球不動產基金,83075
00281,20220721,B1436,吳光磊,U1092,王曉明,富邦全球不動產基金,6388
00282,20220722,X2889,魏于嬋,O1949,周塵文,富邦長紅基金,61008
00283,20220723,V1046,陳濮舒,X1760,賴凰鳴,富邦精銳中小基金,15145
00284,20220723,F2871,黎奕舒,H2664,林丹雨,富邦高成長基金,43650
00285,20220723,B1436,吳光磊,J2985,胡正爾,富邦科技基金富邦台灣心基金,97273
00286,20220723,B1436,吳光磊,C2834,王亞鬆,富邦精準基金,52617
00287,20220724,U2206,林昀琉,G1787,詹剛勝,富邦長紅基金,87899
00288,20220725,B1436,吳光磊,A1849,王斯運,富邦高成長基金,18131
00289,20220725,K2546,賴芯菡,I1055,張實豪,富邦大中華成長基金,92276
00290,20220726,V1046,陳濮舒,X1760,賴凰鳴,富邦高成長基金,34514
00291,20220728,A1405,曾添瑩,J2985,胡正爾,富邦長紅基金,38517
00292,20220728,K2546,賴芯菡,E2600,林銀霞,富邦長紅基金,41912
00293,20220730,Y2145,魏宛禹,O1949,周塵文,富邦科技基金富邦台灣心基金,85410
00294,20220730,Y2145,魏宛禹,B2099,洪安文,富邦長紅基金,21287
00295,20220801,A1405,曾添瑩,O2672,孫捷玟,富邦高成長基金,91359
00296,20220802,Y2145,魏宛禹,Y1718,鄒祺興,富邦精準基金,65426
00297,20220803,W1150,洪林歆,U1092,王曉明,富邦科技基金富邦台灣心基金,99615
00298,20220803,B1436,吳光磊,U1092,王曉明,富邦全球投資等級債券,50321
00299,20220803,X2889,魏于嬋,X1760,賴凰鳴,富邦大中華成長基金,72564
00300,20220803,L2699,黃容旭,J2985,胡正爾,富邦全球投資等級債券,22971
00301,20220804,X2889,魏于嬋,C2834,王亞鬆,富邦高成長基金,53405
00302,20220804,V1046,陳濮舒,C2526,王喧海,富邦大中華成長基金,52523
00303,20220806,U2206,林昀琉,A2401,顏平言,富邦精銳中小基金,43400
00304,20220807,L2699,黃容旭,O2672,孫捷玟,富邦全球不動產基金,94650
00305,20220807,A1405,曾添瑩,U1092,王曉明,富邦吉祥貨幣市場基金,96340
00306,20220808,A1405,曾添瑩,C2526,王喧海,富邦精準基金,48011
00307,20220808,F2871,黎奕舒,G1787,詹剛勝,富邦精銳中小基金,69258
00308,20220809,L2699,黃容旭,U1092,王曉明,富邦科技基金富邦台灣心基金,17005
00309,20220809,F2871,黎奕舒,C2526,王喧海,富邦全球不動產基金,17612
00310,20220810,V1046,陳濮舒,C2526,王喧海,富邦精準基金,72173
00311,20220810,B1436,吳光磊,E2600,林銀霞,富邦全球不動產基金,65409
00312,20220810,A1405,曾添瑩,A1849,王斯運,富邦長紅基金,91815
00313,20220811,F2871,黎奕舒,X1422,吳光理,富邦大中華成長基金,89875
00314,20220812,F2871,黎奕舒,O1949,周塵文,富邦精準基金,4570
00315,20220812,X2889,魏于嬋,X1422,吳光理,富邦長紅基金,94765
00316,20220812,F2871,黎奕舒,D1287,田杉遠,富邦吉祥貨幣市場基金,85801
00317,20220814,F2871,黎奕舒,Y1718,鄒祺興,富邦精銳中小基金,34594
00318,20220815,Y2145,魏宛禹,C2526,王喧海,富邦長紅基金,39962
00319,20220816,W1150,洪林歆,E2600,林銀霞,富邦吉祥貨幣市場基金,59234
00320,20220817,W1150,洪林歆,X1760,賴凰鳴,富邦全球投資等級債券,76675
00321,20220817,U2206,林昀琉,O1949,周塵文,富邦吉祥貨幣市場基金,3559
00322,20220818,U2206,林昀琉,E2600,林銀霞,富邦全球投資等級債券,78989
00323,20220819,B1436,吳光磊,O1949,周塵文,富邦精準基金,73978
00324,20220820,L2699,黃容旭,C2834,王亞鬆,富邦精準基金,13124
00325,20220820,Y2145,魏宛禹,B2099,洪安文,富邦全球投資等級債券,58895
00326,20220820,Y2145,魏宛禹,C2526,王喧海,富邦高成長基金,18256
00327,20220822,Y2145,魏宛禹,W2337,涂玉芸,富邦全球投資等級債券,36891
00328,20220822,L2699,黃容旭,D1287,田杉遠,富邦高成長基金,9973
00329,20220823,K2546,賴芯菡,Y1718,鄒祺興,富邦長紅基金,53279
00330,20220823,K2546,賴芯菡,G1787,詹剛勝,富邦吉祥貨幣市場基金,35910
00331,20220825,F2871,黎奕舒,G1787,詹剛勝,富邦精銳中小基金,67992
00332,20220825,W1150,洪林歆,Z2432,鄭慧飛,富邦全球不動產基金,48320
00333,20220825,A1405,曾添瑩,J2985,胡正爾,富邦高成長基金,27176
00334,20220827,L2699,黃容旭,O1949,周塵文,富邦精銳中小基金,15792
00335,20220827,X2889,魏于嬋,U2636,江可微,富邦長紅基金,88066
00336,20220828,A1405,曾添瑩,O2672,孫捷玟,富邦全球不動產基金,53842
00337,20220829,L2699,黃容旭,C2526,王喧海,富邦長紅基金,51646
00338,20220830,K2546,賴芯菡,C2526,王喧海,富邦全球不動產基金,43041
00339,20220830,K2546,賴芯菡,A2401,顏平言,富邦長紅基金,71199
00340,20220830,F2871,黎奕舒,Y1718,鄒祺興,富邦全球投資等級債券,75772
00341,20220831,B1436,吳光磊,C2834,王亞鬆,富邦精銳中小基金,3464
00342,20220831,Y2145,魏宛禹,A1849,王斯運,富邦精銳中小基金,18655
00343,20220831,F2871,黎奕舒,D1287,田杉遠,富邦全球投資等級債券,49797
00344,20220831,V1046,陳濮舒,O1949,周塵文,富邦吉祥貨幣市場基金,47874
00345,20220901,A1405,曾添瑩,B2099,洪安文,富邦吉祥貨幣市場基金,99690
00346,20220901,F2871,黎奕舒,U1092,王曉明,富邦長紅基金,17443
00347,20220902,W1150,洪林歆,Z2432,鄭慧飛,富邦精銳中小基金,4775
00348,20220902,L2699,黃容旭,A2401,顏平言,富邦吉祥貨幣市場基金,18075
00349,20220903,U2206,林昀琉,A2401,顏平言,富邦吉祥貨幣市場基金,86637
00350,20220903,B1436,吳光磊,O1949,周塵文,富邦精銳中小基金,54048
00351,20220904,A1405,曾添瑩,C2526,王喧海,富邦全球投資等級債券,61597
00352,20220904,K2546,賴芯菡,J2985,胡正爾,富邦精銳中小基金,77691
00353,20220905,Y2145,魏宛禹,X1760,賴凰鳴,富邦吉祥貨幣市場基金,67697
00354,20220905,L2699,黃容旭,J2985,胡正爾,富邦長紅基金,94604
00355,20220906,U2206,林昀琉,E2600,林銀霞,富邦精準基金,19137
00356,20220907,X2889,魏于嬋,U1092,王曉明,富邦吉祥貨幣市場基金,84517
00357,20220907,A1405,曾添瑩,Z2432,鄭慧飛,富邦高成長基金,55376
00358,20220908,Y2145,魏宛禹,J2985,胡正爾,富邦高成長基金,25661
00359,20220909,F2871,黎奕舒,X1760,賴凰鳴,富邦大中華成長基金,39646
00360,20220912,V1046,陳濮舒,X1422,吳光理,富邦長紅基金,77486
00361,20220913,B1436,吳光磊,Z2432,鄭慧飛,富邦大中華成長基金,5138
00362,20220915,U2206,林昀琉,B2099,洪安文,富邦吉祥貨幣市場基金,17480
00363,20220915,X2889,魏于嬋,D1287,田杉遠,富邦全球不動產基金,80792
00364,20220916,K2546,賴芯菡,D1287,田杉遠,富邦全球不動產基金,50213
00365,20220918,L2699,黃容旭,E2600,林銀霞,富邦吉祥貨幣市場基金,62680
00366,20220918,X2889,魏于嬋,O2672,孫捷玟,富邦精準基金,35286
00367,20220918,K2546,賴芯菡,D1287,田杉遠,富邦全球投資等級債券,53722
00368,20220919,B1436,吳光磊,Z2432,鄭慧飛,富邦長紅基金,63653
00369,20220919,W1150,洪林歆,X1760,賴凰鳴,富邦高成長基金,41835
00370,20220920,Y2145,魏宛禹,D1287,田杉遠,富邦吉祥貨幣市場基金,32200
00371,20220921,V1046,陳濮舒,A2401,顏平言,富邦科技基金富邦台灣心基金,87786
00372,20220921,X2889,魏于嬋,X1422,吳光理,富邦精準基金,14227
00373,20220923,U2206,林昀琉,A2401,顏平言,富邦全球投資等級債券,27888
00374,20220923,V1046,陳濮舒,H2664,林丹雨,富邦大中華成長基金,23689
00375,20220924,A1405,曾添瑩,O2672,孫捷玟,富邦全球不動產基金,85623
00376,20220924,W1150,洪林歆,B2099,洪安文,富邦全球不動產基金,5538
00377,20220924,B1436,吳光磊,H2664,林丹雨,富邦全球投資等級債券,96150
00378,20220924,L2699,黃容旭,G1787,詹剛勝,富邦精銳中小基金,86351
00379,20220925,K2546,賴芯菡,H2664,林丹雨,富邦精準基金,43466
00380,20220925,F2871,黎奕舒,U1092,王曉明,富邦全球投資等級債券,81456
00381,20220926,A1405,曾添瑩,H2664,林丹雨,富邦高成長基金,72907
00382,20220929,U2206,林昀琉,A2401,顏平言,富邦長紅基金,97983
00383,20220929,W1150,洪林歆,J2985,胡正爾,富邦全球不動產基金,7149
00384,20220930,B1436,吳光磊,X1760,賴凰鳴,富邦長紅基金,12749
00385,20220930,U2206,林昀琉,H2664,林丹雨,富邦全球不動產基金,61288
00386,20221002,B1436,吳光磊,U1092,王曉明,富邦大中華成長基金,54592
00387,20221004,Y2145,魏宛禹,J2985,胡正爾,富邦全球不動產基金,69667
00388,20221005,X2889,魏于嬋,D1287,田杉遠,富邦長紅基金,83813
00389,20221007,L2699,黃容旭,C2526,王喧海,富邦全球不動產基金,6079
00390,20221009,A1405,曾添瑩,O1949,周塵文,富邦吉祥貨幣市場基金,90396
00391,20221009,K2546,賴芯菡,W2337,涂玉芸,富邦精準基金,43102
00392,20221009,X2889,魏于嬋,U2636,江可微,富邦全球投資等級債券,59141
00393,20221010,A1405,曾添瑩,I1055,張實豪,富邦大中華成長基金,85726
00394,20221010,L2699,黃容旭,H2664,林丹雨,富邦高成長基金,34990
00395,20221011,X2889,魏于嬋,I1055,張實豪,富邦吉祥貨幣市場基金,89890
00396,20221012,F2871,黎奕舒,C2834,王亞鬆,富邦全球不動產基金,86927
00397,20221012,L2699,黃容旭,E2600,林銀霞,富邦全球投資等級債券,89149
00398,20221013,V1046,陳濮舒,J2985,胡正爾,富邦精準基金,9514
00399,20221013,F2871,黎奕舒,I1055,張實豪,富邦精準基金,46777
00400,20221014,L2699,黃容旭,U1092,王曉明,富邦精準基金,20272
00401,20221015,L2699,黃容旭,W2337,涂玉芸,富邦精銳中小基金,91221
00402,20221015,U2206,林昀琉,W2337,涂玉芸,富邦全球不動產基金,41047
00403,20221017,U2206,林昀琉,B2099,洪安文,富邦科技基金富邦台灣心基金,21844
00404,20221017,B1436,吳光磊,U2636,江可微,富邦大中華成長基金,94722
00405,20221017,U2206,林昀琉,U1092,王曉明,富邦全球不動產基金,10489
00406,20221018,V1046,陳濮舒,B2099,洪安文,富邦精準基金,64880
00407,20221019,X2889,魏于嬋,I1055,張實豪,富邦全球投資等級債券,63900
00408,20221020,L2699,黃容旭,J2985,胡正爾,富邦精銳中小基金,59921
00409,20221020,B1436,吳光磊,J2985,胡正爾,富邦長紅基金,69033
00410,20221020,K2546,賴芯菡,X1760,賴凰鳴,富邦大中華成長基金,34299
00411,20221021,X2889,魏于嬋,G1787,詹剛勝,富邦全球不動產基金,95379
00412,20221022,Y2145,魏宛禹,X1760,賴凰鳴,富邦長紅基金,58061
00413,20221022,B1436,吳光磊,O1949,周塵文,富邦精銳中小基金,97651
00414,20221022,U2206,林昀琉,Z2432,鄭慧飛,富邦科技基金富邦台灣心基金,18133
00415,20221023,K2546,賴芯菡,B2099,洪安文,富邦精準基金,27830
00416,20221024,V1046,陳濮舒,C2834,王亞鬆,富邦精準基金,95573
00417,20221024,U2206,林昀琉,X1422,吳光理,富邦科技基金富邦台灣心基金,42452
00418,20221024,W1150,洪林歆,B2099,洪安文,富邦吉祥貨幣市場基金,28243
00419,20221026,W1150,洪林歆,O2672,孫捷玟,富邦精銳中小基金,76437
00420,20221027,V1046,陳濮舒,C2526,王喧海,富邦全球不動產基金,54215
00421,20221027,L2699,黃容旭,A2401,顏平言,富邦全球投資等級債券,95905
00422,20221028,U2206,林昀琉,Z2432,鄭慧飛,富邦全球投資等級債券,36055
00423,20221028,Y2145,魏宛禹,D1287,田杉遠,富邦吉祥貨幣市場基金,20149
00424,20221029,V1046,陳濮舒,Y1718,鄒祺興,富邦精準基金,74511
00425,20221030,V1046,陳濮舒,O1949,周塵文,富邦長紅基金,23088
00426,20221030,X2889,魏于嬋,B2099,洪安文,富邦吉祥貨幣市場基金,98990
00427,20221102,L2699,黃容旭,I1055,張實豪,富邦高成長基金,20365
00428,20221102,F2871,黎奕舒,A2401,顏平言,富邦精銳中小基金,64172
00429,20221102,W1150,洪林歆,X1760,賴凰鳴,富邦科技基金富邦台灣心基金,72771
00430,20221102,F2871,黎奕舒,D1287,田杉遠,富邦全球不動產基金,27648
00431,20221102,L2699,黃容旭,W2337,涂玉芸,富邦高成長基金,17440
00432,20221103,Y2145,魏宛禹,D1287,田杉遠,富邦吉祥貨幣市場基金,68491
00433,20221103,U2206,林昀琉,U1092,王曉明,富邦科技基金富邦台灣心基金,26452
00434,20221104,U2206,林昀琉,C2526,王喧海,富邦高成長基金,99173
00435,20221104,K2546,賴芯菡,X1422,吳光理,富邦全球不動產基金,97188
00436,20221104,L2699,黃容旭,X1422,吳光理,富邦大中華成長基金,51479
00437,20221104,V1046,陳濮舒,Y1718,鄒祺興,富邦大中華成長基金,59895
00438,20221105,Y2145,魏宛禹,O2672,孫捷玟,富邦大中華成長基金,48292
00439,20221105,K2546,賴芯菡,X1422,吳光理,富邦長紅基金,1191
00440,20221106,L2699,黃容旭,D1287,田杉遠,富邦全球投資等級債券,66586
00441,20221107,L2699,黃容旭,E2600,林銀霞,富邦精準基金,62162
00442,20221108,L2699,黃容旭,U1092,王曉明,富邦高成長基金,6982
00443,20221108,L2699,黃容旭,C2834,王亞鬆,富邦大中華成長基金,94686
00444,20221109,U2206,林昀琉,O1949,周塵文,富邦長紅基金,17253
00445,20221110,A1405,曾添瑩,J2985,胡正爾,富邦長紅基金,29392
00446,20221110,L2699,黃容旭,U1092,王曉明,富邦長紅基金,44273
00447,20221113,A1405,曾添瑩,X1760,賴凰鳴,富邦長紅基金,14397
00448,20221115,W1150,洪林歆,U1092,王曉明,富邦高成長基金,50583
00449,20221115,V1046,陳濮舒,U2636,江可微,富邦大中華成長基金,11910
00450,20221116,W1150,洪林歆,U2636,江可微,富邦科技基金富邦台灣心基金,71151
00451,20221116,B1436,吳光磊,J2985,胡正爾,富邦大中華成長基金,20243
00452,20221117,K2546,賴芯菡,U2636,江可微,富邦精銳中小基金,94710
00453,20221117,X2889,魏于嬋,X1760,賴凰鳴,富邦全球不動產基金,45464
00454,20221118,B1436,吳光磊,B2099,洪安文,富邦高成長基金,92957
00455,20221118,X2889,魏于嬋,Z2432,鄭慧飛,富邦吉祥貨幣市場基金,51327
00456,20221124,K2546,賴芯菡,C2526,王喧海,富邦科技基金富邦台灣心基金,76502
00457,20221124,X2889,魏于嬋,X1422,吳光理,富邦吉祥貨幣市場基金,36065
00458,20221124,V1046,陳濮舒,D1287,田杉遠,富邦全球投資等級債券,24148
00459,20221128,F2871,黎奕舒,W2337,涂玉芸,富邦長紅基金,42527
00460,20221128,X2889,魏于嬋,D1287,田杉遠,富邦高成長基金,77469
00461,20221128,F2871,黎奕舒,H2664,林丹雨,富邦全球投資等級債券,53176
00462,20221129,L2699,黃容旭,X1422,吳光理,富邦全球投資等級債券,92508
00463,20221129,X2889,魏于嬋,G1787,詹剛勝,富邦精準基金,43863
00464,20221201,L2699,黃容旭,U1092,王曉明,富邦精銳中小基金,10099
00465,20221201,L2699,黃容旭,E2600,林銀霞,富邦吉祥貨幣市場基金,70890
00466,20221203,B1436,吳光磊,I1055,張實豪,富邦長紅基金,29797
00467,20221206,W1150,洪林歆,D1287,田杉遠,富邦精準基金,32193
00468,20221206,K2546,賴芯菡,U1092,王曉明,富邦長紅基金,2426
00469,20221206,X2889,魏于嬋,G1787,詹剛勝,富邦全球投資等級債券,23750
00470,20221207,U2206,林昀琉,U2636,江可微,富邦全球不動產基金,3902
00471,20221208,X2889,魏于嬋,Z2432,鄭慧飛,富邦大中華成長基金,20878
00472,20221208,Y2145,魏宛禹,C2526,王喧海,富邦吉祥貨幣市場基金,69099
00473,20221208,X2889,魏于嬋,J2985,胡正爾,富邦吉祥貨幣市場基金,26523
00474,20221209,K2546,賴芯菡,D1287,田杉遠,富邦高成長基金,22939
00475,20221210,W1150,洪林歆,W2337,涂玉芸,富邦科技基金富邦台灣心基金,33750
00476,20221210,K2546,賴芯菡,O2672,孫捷玟,富邦精銳中小基金,51621
00477,20221211,V1046,陳濮舒,Y1718,鄒祺興,富邦吉祥貨幣市場基金,47427
00478,20221211,B1436,吳光磊,A1849,王斯運,富邦吉祥貨幣市場基金,26326
00479,20221212,X2889,魏于嬋,A2401,顏平言,富邦長紅基金,49518
00480,20221213,K2546,賴芯菡,U2636,江可微,富邦吉祥貨幣市場基金,66149
00481,20221213,L2699,黃容旭,Z2432,鄭慧飛,富邦高成長基金,74467
00482,20221214,K2546,賴芯菡,U2636,江可微,富邦全球不動產基金,30654
00483,20221216,A1405,曾添瑩,C2526,王喧海,富邦長紅基金,47856
00484,20221218,U2206,林昀琉,D1287,田杉遠,富邦精銳中小基金,94849
00485,20221220,F2871,黎奕舒,H2664,林丹雨,富邦大中華成長基金,19800
00486,20221220,U2206,林昀琉,E2600,林銀霞,富邦精銳中小基金,62698
00487,20221222,W1150,洪林歆,C2526,王喧海,富邦大中華成長基金,25390
00488,20221223,V1046,陳濮舒,W2337,涂玉芸,富邦科技基金富邦台灣心基金,21913
00489,20221223,U2206,林昀琉,J2985,胡正爾,富邦精銳中小基金,92967
00490,20221223,A1405,曾添瑩,C2526,王喧海,富邦科技基金富邦台灣心基金,87587
00491,20221223,W1150,洪林歆,X1760,賴凰鳴,富邦吉祥貨幣市場基金,3579
00492,20221224,B1436,吳光磊,Y1718,鄒祺興,富邦吉祥貨幣市場基金,43084
00493,20221225,F2871,黎奕舒,O2672,孫捷玟,富邦大中華成長基金,44854
00494,20221226,F2871,黎奕舒,C2526,王喧海,富邦全球不動產基金,79804
00495,20221226,K2546,賴芯菡,C2526,王喧海,富邦吉祥貨幣市場基金,71044
00496,20221227,U2206,林昀琉,I1055,張實豪,富邦科技基金富邦台灣心基金,27817
00497,20221228,K2546,賴芯菡,U2636,江可微,富邦全球不動產基金,61644
00498,20221229,B1436,吳光磊,C2526,王喧海,富邦全球投資等級債券,55172
00499,20221230,Y2145,魏宛禹,O2672,孫捷玟,富邦高成長基金,29716
00500,20230101,L2699,黃容旭,U1092,王曉明,富邦科技基金富邦台灣心基金,95301
00501,20230101,F2871,黎奕舒,X1760,賴凰鳴,富邦大中華成長基金,30209
00502,20230102,Y2145,魏宛禹,X1760,賴凰鳴,富邦大中華成長基金,17197
00503,20230103,K2546,賴芯菡,U2636,江可微,富邦大中華成長基金,89534
00504,20230105,A1405,曾添瑩,X1760,賴凰鳴,富邦大中華成長基金,40572
00505,20230106,W1150,洪林歆,Y1718,鄒祺興,富邦長紅基金,64927
00506,20230106,W1150,洪林歆,X1422,吳光理,富邦科技基金富邦台灣心基金,62933
00507,20230108,W1150,洪林歆,W2337,涂玉芸,富邦高成長基金,79946
00508,20230108,V1046,陳濮舒,C2834,王亞鬆,富邦精銳中小基金,95148
00509,20230109,F2871,黎奕舒,X1760,賴凰鳴,富邦精銳中小基金,65680
00510,20230109,Y2145,魏宛禹,O2672,孫捷玟,富邦精銳中小基金,7929
00511,20230109,U2206,林昀琉,A1849,王斯運,富邦全球投資等級債券,75446
00512,20230109,F2871,黎奕舒,O2672,孫捷玟,富邦精準基金,86534
00513,20230111,A1405,曾添瑩,A1849,王斯運,富邦大中華成長基金,50816
00514,20230112,U2206,林昀琉,J2985,胡正爾,富邦吉祥貨幣市場基金,76681
00515,20230112,X2889,魏于嬋,X1760,賴凰鳴,富邦科技基金富邦台灣心基金,33146
00516,20230113,A1405,曾添瑩,G1787,詹剛勝,富邦精準基金,26280
00517,20230116,F2871,黎奕舒,U1092,王曉明,富邦高成長基金,55610
00518,20230116,F2871,黎奕舒,A1849,王斯運,富邦長紅基金,48346
00519,20230116,Y2145,魏宛禹,O1949,周塵文,富邦精銳中小基金,48627
00520,20230119,W1150,洪林歆,W2337,涂玉芸,富邦長紅基金,37488
00521,20230122,Y2145,魏宛禹,U2636,江可微,富邦長紅基金,91709
00522,20230122,L2699,黃容旭,B2099,洪安文,富邦精準基金,89986
00523,20230123,B1436,吳光磊,C2526,王喧海,富邦科技基金富邦台灣心基金,19819
00524,20230123,U2206,林昀琉,A1849,王斯運,富邦全球不動產基金,14860
00525,20230124,V1046,陳濮舒,D1287,田杉遠,富邦長紅基金,4104
00526,20230125,F2871,黎奕舒,B2099,洪安文,富邦精銳中小基金,11290
00527,20230125,F2871,黎奕舒,C2526,王喧海,富邦全球不動產基金,35074
00528,20230125,B1436,吳光磊,J2985,胡正爾,富邦全球投資等級債券,39234
00529,20230126,B1436,吳光磊,D1287,田杉遠,富邦吉祥貨幣市場基金,75442
00530,20230129,W1150,洪林歆,U1092,王曉明,富邦大中華成長基金,80014
00531,20230129,B1436,吳光磊,X1422,吳光理,富邦精銳中小基金,40249
00532,20230131,B1436,吳光磊,W2337,涂玉芸,富邦大中華成長基金,57678
00533,20230131,F2871,黎奕舒,O2672,孫捷玟,富邦科技基金富邦台灣心基金,27452
00534,20230131,X2889,魏于嬋,G1787,詹剛勝,富邦長紅基金,99622
00535,20230201,U2206,林昀琉,E2600,林銀霞,富邦大中華成長基金,59597
00536,20230201,U2206,林昀琉,Z2432,鄭慧飛,富邦科技基金富邦台灣心基金,14837
00537,20230201,V1046,陳濮舒,B2099,洪安文,富邦大中華成長基金,72657
00538,20230203,W1150,洪林歆,D1287,田杉遠,富邦精準基金,78120
00539,20230203,L2699,黃容旭,C2526,王喧海,富邦高成長基金,31554
00540,20230204,K2546,賴芯菡,Z2432,鄭慧飛,富邦精銳中小基金,21042
00541,20230205,W1150,洪林歆,C2834,王亞鬆,富邦大中華成長基金,96877
00542,20230205,Y2145,魏宛禹,U2636,江可微,富邦大中華成長基金,35407
00543,20230206,U2206,林昀琉,O1949,周塵文,富邦高成長基金,35279
00544,20230206,V1046,陳濮舒,C2526,王喧海,富邦長紅基金,47209
00545,20230207,Y2145,魏宛禹,O2672,孫捷玟,富邦高成長基金,49588
00546,20230208,X2889,魏于嬋,B2099,洪安文,富邦吉祥貨幣市場基金,56645
00547,20230209,Y2145,魏宛禹,G1787,詹剛勝,富邦大中華成長基金,3232
00548,20230209,K2546,賴芯菡,W2337,涂玉芸,富邦精銳中小基金,76063
00549,20230209,V1046,陳濮舒,W2337,涂玉芸,富邦高成長基金,27401
00550,20230209,F2871,黎奕舒,A1849,王斯運,富邦長紅基金,10316
00551,20230209,X2889,魏于嬋,J2985,胡正爾,富邦大中華成長基金,26001
00552,20230210,K2546,賴芯菡,X1760,賴凰鳴,富邦吉祥貨幣市場基金,89594
00553,20230211,F2871,黎奕舒,X1422,吳光理,富邦高成長基金,87911
00554,20230212,A1405,曾添瑩,C2526,王喧海,富邦精銳中小基金,84413
00555,20230212,Y2145,魏宛禹,Z2432,鄭慧飛,富邦大中華成長基金,62795
00556,20230212,U2206,林昀琉,I1055,張實豪,富邦高成長基金,71204
00557,20230215,W1150,洪林歆,A2401,顏平言,富邦大中華成長基金,88376
00558,20230215,L2699,黃容旭,H2664,林丹雨,富邦全球投資等級債券,43081
00559,20230215,U2206,林昀琉,J2985,胡正爾,富邦精銳中小基金,83607
00560,20230215,B1436,吳光磊,Y1718,鄒祺興,富邦大中華成長基金,91362
00561,20230219,X2889,魏于嬋,B2099,洪安文,富邦全球不動產基金,49623
00562,20230219,F2871,黎奕舒,O2672,孫捷玟,富邦高成長基金,68658
00563,20230219,W1150,洪林歆,E2600,林銀霞,富邦大中華成長基金,1497
00564,20230221,K2546,賴芯菡,E2600,林銀霞,富邦科技基金富邦台灣心基金,12994
00565,20230222,W1150,洪林歆,C2526,王喧海,富邦全球投資等級債券,79090
00566,20230222,X2889,魏于嬋,W2337,涂玉芸,富邦精銳中小基金,48330
00567,20230222,W1150,洪林歆,U2636,江可微,富邦高成長基金,93368
00568,20230223,K2546,賴芯菡,Z2432,鄭慧飛,富邦精銳中小基金,84874
00569,20230224,B1436,吳光磊,O2672,孫捷玟,富邦精準基金,4062
00570,20230225,W1150,洪林歆,B2099,洪安文,富邦高成長基金,6791
00571,20230225,Y2145,魏宛禹,E2600,林銀霞,富邦高成長基金,38384
00572,20230226,K2546,賴芯菡,A2401,顏平言,富邦吉祥貨幣市場基金,33860
00573,20230227,U2206,林昀琉,O2672,孫捷玟,富邦高成長基金,30643
00574,20230302,X2889,魏于嬋,Z2432,鄭慧飛,富邦大中華成長基金,81113
00575,20230304,X2889,魏于嬋,X1760,賴凰鳴,富邦大中華成長基金,96877
00576,20230304,L2699,黃容旭,G1787,詹剛勝,富邦科技基金富邦台灣心基金,79637
00577,20230305,B1436,吳光磊,D1287,田杉遠,富邦精銳中小基金,67843
00578,20230305,W1150,洪林歆,G1787,詹剛勝,富邦全球不動產基金,50236
00579,20230307,B1436,吳光磊,A2401,顏平言,富邦全球投資等級債券,12726
00580,20230307,B1436,吳光磊,X1760,賴凰鳴,富邦精準基金,27590
00581,20230307,K2546,賴芯菡,A2401,顏平言,富邦長紅基金,18908
00582,20230309,U2206,林昀琉,H2664,林丹雨,富邦精準基金,63229
00583,20230309,B1436,吳光磊,A2401,顏平言,富邦全球投資等級債券,92007
00584,20230309,W1150,洪林歆,A1849,王斯運,富邦吉祥貨幣市場基金,33177
00585,20230310,Y2145,魏宛禹,G1787,詹剛勝,富邦精準基金,63680
00586,20230310,K2546,賴芯菡,J2985,胡正爾,富邦全球不動產基金,23111
00587,20230311,Y2145,魏宛禹,I1055,張實豪,富邦大中華成長基金,58241
00588,20230311,Y2145,魏宛禹,A2401,顏平言,富邦大中華成長基金,67950
00589,20230312,K2546,賴芯菡,D1287,田杉遠,富邦全球投資等級債券,54091
00590,20230312,B1436,吳光磊,J2985,胡正爾,富邦吉祥貨幣市場基金,99214
00591,20230312,X2889,魏于嬋,O1949,周塵文,富邦大中華成長基金,27938
00592,20230313,F2871,黎奕舒,A2401,顏平言,富邦高成長基金,71126
00593,20230314,X2889,魏于嬋,B2099,洪安文,富邦精銳中小基金,84247
00594,20230315,X2889,魏于嬋,I1055,張實豪,富邦精準基金,30927
00595,20230316,F2871,黎奕舒,D1287,田杉遠,富邦精銳中小基金,94641
00596,20230316,F2871,黎奕舒,A2401,顏平言,富邦吉祥貨幣市場基金,7877
00597,20230316,B1436,吳光磊,A1849,王斯運,富邦精準基金,10492
00598,20230317,L2699,黃容旭,C2526,王喧海,富邦大中華成長基金,41298
00599,20230317,A1405,曾添瑩,O2672,孫捷玟,富邦大中華成長基金,10645
00600,20230317,K2546,賴芯菡,O1949,周塵文,富邦高成長基金,40550
00601,20230318,L2699,黃容旭,C2834,王亞鬆,富邦精準基金,51617
00602,20230321,A1405,曾添瑩,B2099,洪安文,富邦全球投資等級債券,98618
00603,20230325,Y2145,魏宛禹,X1422,吳光理,富邦精銳中小基金,1252
00604,20230326,K2546,賴芯菡,O2672,孫捷玟,富邦精準基金,58356
00605,20230326,K2546,賴芯菡,C2834,王亞鬆,富邦全球不動產基金,6940
00606,20230327,X2889,魏于嬋,Y1718,鄒祺興,富邦大中華成長基金,75204
00607,20230327,X2889,魏于嬋,H2664,林丹雨,富邦精準基金,86370
00608,20230327,B1436,吳光磊,G1787,詹剛勝,富邦科技基金富邦台灣心基金,10328
00609,20230328,Y2145,魏宛禹,U1092,王曉明,富邦吉祥貨幣市場基金,87244
00610,20230329,K2546,賴芯菡,A1849,王斯運,富邦高成長基金,8831
00611,20230329,W1150,洪林歆,G1787,詹剛勝,富邦長紅基金,66193
00612,20230329,L2699,黃容旭,C2526,王喧海,富邦精準基金,81925
00613,20230330,K2546,賴芯菡,G1787,詹剛勝,富邦吉祥貨幣市場基金,22243
00614,20230401,W1150,洪林歆,G1787,詹剛勝,富邦全球投資等級債券,8548
00615,20230401,A1405,曾添瑩,Y1718,鄒祺興,富邦科技基金富邦台灣心基金,50595
00616,20230402,U2206,林昀琉,H2664,林丹雨,富邦大中華成長基金,98234
00617,20230403,F2871,黎奕舒,H2664,林丹雨,富邦全球投資等級債券,67368
00618,20230404,W1150,洪林歆,X1422,吳光理,富邦長紅基金,93071
00619,20230404,L2699,黃容旭,O2672,孫捷玟,富邦精銳中小基金,23106
00620,20230404,U2206,林昀琉,D1287,田杉遠,富邦全球不動產基金,69670
00621,20230405,A1405,曾添瑩,H2664,林丹雨,富邦長紅基金,65547
00622,20230405,W1150,洪林歆,O2672,孫捷玟,富邦大中華成長基金,39619
00623,20230405,A1405,曾添瑩,U2636,江可微,富邦精銳中小基金,44947
00624,20230405,A1405,曾添瑩,J2985,胡正爾,富邦吉祥貨幣市場基金,62014
00625,20230406,K2546,賴芯菡,O1949,周塵文,富邦吉祥貨幣市場基金,19188
00626,20230406,V1046,陳濮舒,B2099,洪安文,富邦精準基金,50659
00627,20230408,F2871,黎奕舒,J2985,胡正爾,富邦長紅基金,8675
00628,20230408,B1436,吳光磊,B2099,洪安文,富邦高成長基金,78183
00629,20230408,K2546,賴芯菡,C2526,王喧海,富邦精銳中小基金,84503
00630,20230409,K2546,賴芯菡,H2664,林丹雨,富邦吉祥貨幣市場基金,76869
00631,20230409,K2546,賴芯菡,O1949,周塵文,富邦精銳中小基金,53227
00632,20230412,L2699,黃容旭,X1422,吳光理,富邦長紅基金,64596
00633,20230412,K2546,賴芯菡,I1055,張實豪,富邦高成長基金,48547
00634,20230412,A1405,曾添瑩,W2337,涂玉芸,富邦高成長基金,99510
00635,20230413,K2546,賴芯菡,A1849,王斯運,富邦吉祥貨幣市場基金,61127
00636,20230414,W1150,洪林歆,O2672,孫捷玟,富邦高成長基金,62350
00637,20230415,K2546,賴芯菡,X1760,賴凰鳴,富邦大中華成長基金,64321
00638,20230416,Y2145,魏宛禹,A2401,顏平言,富邦科技基金富邦台灣心基金,52699
00639,20230417,X2889,魏于嬋,A1849,王斯運,富邦全球投資等級債券,19195
00640,20230417,W1150,洪林歆,C2834,王亞鬆,富邦大中華成長基金,42797
00641,20230417,V1046,陳濮舒,X1422,吳光理,富邦長紅基金,20969
00642,20230417,K2546,賴芯菡,U1092,王曉明,富邦吉祥貨幣市場基金,38715
00643,20230420,X2889,魏于嬋,C2834,王亞鬆,富邦大中華成長基金,35019
00644,20230420,L2699,黃容旭,B2099,洪安文,富邦精銳中小基金,92523
00645,20230420,F2871,黎奕舒,J2985,胡正爾,富邦吉祥貨幣市場基金,72182
00646,20230420,W1150,洪林歆,D1287,田杉遠,富邦高成長基金,27194
00647,20230420,X2889,魏于嬋,G1787,詹剛勝,富邦大中華成長基金,41024
00648,20230421,V1046,陳濮舒,A1849,王斯運,富邦精銳中小基金,11471
00649,20230422,F2871,黎奕舒,D1287,田杉遠,富邦高成長基金,44780
00650,20230423,B1436,吳光磊,U2636,江可微,富邦高成長基金,43008
00651,20230424,X2889,魏于嬋,E2600,林銀霞,富邦精準基金,83659
00652,20230424,A1405,曾添瑩,U1092,王曉明,富邦全球不動產基金,86027
00653,20230426,W1150,洪林歆,X1422,吳光理,富邦長紅基金,15957
00654,20230426,A1405,曾添瑩,O2672,孫捷玟,富邦大中華成長基金,98363
00655,20230426,K2546,賴芯菡,A2401,顏平言,富邦精準基金,93416
00656,20230427,W1150,洪林歆,U2636,江可微,富邦高成長基金,7697
00657,20230427,Y2145,魏宛禹,W2337,涂玉芸,富邦科技基金富邦台灣心基金,54385
00658,20230428,A1405,曾添瑩,U1092,王曉明,富邦大中華成長基金,18498
00659,20230428,F2871,黎奕舒,H2664,林丹雨,富邦科技基金富邦台灣心基金,81505
00660,20230428,Y2145,魏宛禹,A1849,王斯運,富邦全球不動產基金,39030
00661,20230428,Y2145,魏宛禹,C2834,王亞鬆,富邦高成長基金,44771
00662,20230429,W1150,洪林歆,X1760,賴凰鳴,富邦大中華成長基金,73483
00663,20230429,X2889,魏于嬋,H2664,林丹雨,富邦精準基金,20798
00664,20230429,V1046,陳濮舒,A2401,顏平言,富邦全球不動產基金,63486
00665,20230429,K2546,賴芯菡,Z2432,鄭慧飛,富邦長紅基金,11849
00666,20230430,K2546,賴芯菡,W2337,涂玉芸,富邦精銳中小基金,29174
00667,20230430,W1150,洪林歆,C2526,王喧海,富邦精銳中小基金,90117
00668,20230430,F2871,黎奕舒,E2600,林銀霞,富邦精銳中小基金,77581
00669,20230501,Y2145,魏宛禹,A1849,王斯運,富邦精銳中小基金,42684
00670,20230501,L2699,黃容旭,E2600,林銀霞,富邦精銳中小基金,55447
00671,20230502,B1436,吳光磊,Z2432,鄭慧飛,富邦長紅基金,37200
00672,20230503,A1405,曾添瑩,U1092,王曉明,富邦全球投資等級債券,57585
00673,20230504,F2871,黎奕舒,B2099,洪安文,富邦高成長基金,65705
00674,20230506,K2546,賴芯菡,B2099,洪安文,富邦全球投資等級債券,5101
00675,20230506,L2699,黃容旭,G1787,詹剛勝,富邦全球投資等級債券,70141
00676,20230506,B1436,吳光磊,U1092,王曉明,富邦科技基金富邦台灣心基金,27264
00677,20230506,F2871,黎奕舒,Z2432,鄭慧飛,富邦全球不動產基金,33639
00678,20230507,X2889,魏于嬋,D1287,田杉遠,富邦吉祥貨幣市場基金,37816
00679,20230508,X2889,魏于嬋,Z2432,鄭慧飛,富邦精準基金,83291
00680,20230509,W1150,洪林歆,X1422,吳光理,富邦長紅基金,49915
00681,20230509,B1436,吳光磊,G1787,詹剛勝,富邦吉祥貨幣市場基金,65477
00682,20230510,V1046,陳濮舒,E2600,林銀霞,富邦吉祥貨幣市場基金,26539
00683,20230510,U2206,林昀琉,Y1718,鄒祺興,富邦精銳中小基金,56898
00684,20230512,F2871,黎奕舒,B2099,洪安文,富邦高成長基金,31372
00685,20230513,U2206,林昀琉,Y1718,鄒祺興,富邦全球投資等級債券,68165
00686,20230517,X2889,魏于嬋,Y1718,鄒祺興,富邦科技基金富邦台灣心基金,65972
00687,20230517,B1436,吳光磊,G1787,詹剛勝,富邦吉祥貨幣市場基金,43405
00688,20230517,U2206,林昀琉,B2099,洪安文,富邦精準基金,79218
00689,20230518,B1436,吳光磊,H2664,林丹雨,富邦精銳中小基金,19984
00690,20230519,Y2145,魏宛禹,E2600,林銀霞,富邦全球投資等級債券,36568
00691,20230520,L2699,黃容旭,A1849,王斯運,富邦高成長基金,36071
00692,20230520,Y2145,魏宛禹,Z2432,鄭慧飛,富邦科技基金富邦台灣心基金,63265
00693,20230521,X2889,魏于嬋,Z2432,鄭慧飛,富邦精準基金,27515
00694,20230521,K2546,賴芯菡,C2526,王喧海,富邦高成長基金,41920
00695,20230522,K2546,賴芯菡,O1949,周塵文,富邦全球不動產基金,56457
00696,20230522,W1150,洪林歆,U2636,江可微,富邦科技基金富邦台灣心基金,60001
00697,20230522,X2889,魏于嬋,A2401,顏平言,富邦長紅基金,21007
00698,20230524,V1046,陳濮舒,E2600,林銀霞,富邦高成長基金,90249
00699,20230524,L2699,黃容旭,E2600,林銀霞,富邦全球不動產基金,48606
00700,20230525,F2871,黎奕舒,G1787,詹剛勝,富邦吉祥貨幣市場基金,31728
00701,20230525,V1046,陳濮舒,A2401,顏平言,富邦高成長基金,60776
00702,20230525,W1150,洪林歆,C2834,王亞鬆,富邦全球投資等級債券,15333
00703,20230525,A1405,曾添瑩,U2636,江可微,富邦全球投資等級債券,77717
00704,20230527,W1150,洪林歆,Y1718,鄒祺興,富邦精準基金,74542
00705,20230527,X2889,魏于嬋,A2401,顏平言,富邦全球不動產基金,48560
00706,20230528,U2206,林昀琉,O1949,周塵文,富邦全球投資等級債券,63273
00707,20230529,V1046,陳濮舒,E2600,林銀霞,富邦長紅基金,11553
00708,20230530,B1436,吳光磊,H2664,林丹雨,富邦高成長基金,1227
00709,20230530,K2546,賴芯菡,B2099,洪安文,富邦大中華成長基金,87007
00710,20230531,L2699,黃容旭,C2834,王亞鬆,富邦高成長基金,27236
00711,20230601,V1046,陳濮舒,U2636,江可微,富邦高成長基金,94332
00712,20230601,Y2145,魏宛禹,B2099,洪安文,富邦長紅基金,23584
00713,20230602,V1046,陳濮舒,U1092,王曉明,富邦吉祥貨幣市場基金,4790
00714,20230602,Y2145,魏宛禹,J2985,胡正爾,富邦長紅基金,78649
00715,20230602,L2699,黃容旭,X1422,吳光理,富邦高成長基金,76946
00716,20230603,Y2145,魏宛禹,X1422,吳光理,富邦吉祥貨幣市場基金,28753
00717,20230603,K2546,賴芯菡,G1787,詹剛勝,富邦精準基金,70815
00718,20230605,L2699,黃容旭,O1949,周塵文,富邦高成長基金,10058
00719,20230605,W1150,洪林歆,B2099,洪安文,富邦大中華成長基金,71723
00720,20230606,X2889,魏于嬋,O2672,孫捷玟,富邦高成長基金,17430
00721,20230608,A1405,曾添瑩,U2636,江可微,富邦全球投資等級債券,67455
00722,20230608,W1150,洪林歆,C2526,王喧海,富邦吉祥貨幣市場基金,93380
00723,20230609,W1150,洪林歆,I1055,張實豪,富邦科技基金富邦台灣心基金,12345
00724,20230610,F2871,黎奕舒,U1092,王曉明,富邦精銳中小基金,71213
00725,20230610,X2889,魏于嬋,O2672,孫捷玟,富邦全球不動產基金,95251
00726,20230610,L2699,黃容旭,O1949,周塵文,富邦吉祥貨幣市場基金,64187
00727,20230611,X2889,魏于嬋,X1760,賴凰鳴,富邦全球不動產基金,55121
00728,20230611,X2889,魏于嬋,O2672,孫捷玟,富邦大中華成長基金,83023
00729,20230612,F2871,黎奕舒,O1949,周塵文,富邦大中華成長基金,5421
00730,20230612,Y2145,魏宛禹,E2600,林銀霞,富邦科技基金富邦台灣心基金,9635
00731,20230612,U2206,林昀琉,B2099,洪安文,富邦科技基金富邦台灣心基金,69618
00732,20230613,L2699,黃容旭,W2337,涂玉芸,富邦高成長基金,86989
00733,20230613,U2206,林昀琉,A2401,顏平言,富邦全球投資等級債券,74674
00734,20230613,W1150,洪林歆,E2600,林銀霞,富邦吉祥貨幣市場基金,27733
00735,20230613,U2206,林昀琉,G1787,詹剛勝,富邦大中華成長基金,46670
00736,20230613,X2889,魏于嬋,Z2432,鄭慧飛,富邦高成長基金,34502
00737,20230614,B1436,吳光磊,O2672,孫捷玟,富邦吉祥貨幣市場基金,72835
00738,20230614,A1405,曾添瑩,C2526,王喧海,富邦吉祥貨幣市場基金,11684
00739,20230614,Y2145,魏宛禹,A1849,王斯運,富邦長紅基金,36969
00740,20230616,K2546,賴芯菡,W2337,涂玉芸,富邦全球投資等級債券,85736
00741,20230616,Y2145,魏宛禹,I1055,張實豪,富邦高成長基金,9289
00742,20230617,B1436,吳光磊,X1422,吳光理,富邦全球不動產基金,29354
00743,20230618,X2889,魏于嬋,G1787,詹剛勝,富邦精銳中小基金,85025
00744,20230619,B1436,吳光磊,Z2432,鄭慧飛,富邦高成長基金,72749
00745,20230621,F2871,黎奕舒,X1422,吳光理,富邦全球不動產基金,48130
00746,20230625,U2206,林昀琉,O2672,孫捷玟,富邦長紅基金,81234
00747,20230625,B1436,吳光磊,J2985,胡正爾,富邦全球不動產基金,37076
00748,20230627,K2546,賴芯菡,C2834,王亞鬆,富邦精準基金,59781
00749,20230628,K2546,賴芯菡,O1949,周塵文,富邦吉祥貨幣市場基金,69766
00750,20230629,A1405,曾添瑩,J2985,胡正爾,富邦全球不動產基金,35980
00751,20230630,K2546,賴芯菡,Y1718,鄒祺興,富邦吉祥貨幣市場基金,50467
00752,20230701,L2699,黃容旭,G1787,詹剛勝,富邦長紅基金,90101
00753,20230701,V1046,陳濮舒,U1092,王曉明,富邦高成長基金,86405
00754,20230702,U2206,林昀琉,O1949,周塵文,富邦科技基金富邦台灣心基金,30214
00755,20230702,V1046,陳濮舒,X1760,賴凰鳴,富邦精準基金,54584
00756,20230702,A1405,曾添瑩,O2672,孫捷玟,富邦科技基金富邦台灣心基金,25653
00757,20230702,V1046,陳濮舒,H2664,林丹雨,富邦精銳中小基金,70360
00758,20230703,B1436,吳光磊,B2099,洪安文,富邦大中華成長基金,49634
00759,20230703,Y2145,魏宛禹,G1787,詹剛勝,富邦吉祥貨幣市場基金,97768
00760,20230704,W1150,洪林歆,H2664,林丹雨,富邦全球投資等級債券,22764
00761,20230705,V1046,陳濮舒,E2600,林銀霞,富邦吉祥貨幣市場基金,72078
00762,20230705,F2871,黎奕舒,O1949,周塵文,富邦吉祥貨幣市場基金,71109
00763,20230707,K2546,賴芯菡,C2834,王亞鬆,富邦吉祥貨幣市場基金,81146
00764,20230708,V1046,陳濮舒,A1849,王斯運,富邦全球投資等級債券,53090
00765,20230709,X2889,魏于嬋,I1055,張實豪,富邦長紅基金,59021
00766,20230710,X2889,魏于嬋,W2337,涂玉芸,富邦全球不動產基金,40820
00767,20230710,W1150,洪林歆,W2337,涂玉芸,富邦全球不動產基金,64314
00768,20230711,V1046,陳濮舒,D1287,田杉遠,富邦全球投資等級債券,21972
00769,20230713,L2699,黃容旭,Y1718,鄒祺興,富邦精準基金,57846
00770,20230713,B1436,吳光磊,O2672,孫捷玟,富邦科技基金富邦台灣心基金,97952
00771,20230714,F2871,黎奕舒,C2834,王亞鬆,富邦全球投資等級債券,12874
00772,20230714,Y2145,魏宛禹,W2337,涂玉芸,富邦全球不動產基金,10069
00773,20230714,L2699,黃容旭,J2985,胡正爾,富邦全球不動產基金,68208
00774,20230714,B1436,吳光磊,C2834,王亞鬆,富邦全球投資等級債券,86195
00775,20230715,A1405,曾添瑩,E2600,林銀霞,富邦科技基金富邦台灣心基金,55305
00776,20230715,U2206,林昀琉,O1949,周塵文,富邦全球不動產基金,14361
00777,20230716,Y2145,魏宛禹,D1287,田杉遠,富邦精準基金,20682
00778,20230717,B1436,吳光磊,C2526,王喧海,富邦科技基金富邦台灣心基金,29725
00779,20230717,W1150,洪林歆,B2099,洪安文,富邦吉祥貨幣市場基金,5559
00780,20230718,Y2145,魏宛禹,I1055,張實豪,富邦高成長基金,75977
00781,20230720,B1436,吳光磊,W2337,涂玉芸,富邦高成長基金,92973
00782,20230720,X2889,魏于嬋,G1787,詹剛勝,富邦大中華成長基金,30953
00783,20230720,Y2145,魏宛禹,D1287,田杉遠,富邦精銳中小基金,59537
00784,20230721,Y2145,魏宛禹,Z2432,鄭慧飛,富邦科技基金富邦台灣心基金,11042
00785,20230721,K2546,賴芯菡,Z2432,鄭慧飛,富邦精準基金,83992
00786,20230722,X2889,魏于嬋,H2664,林丹雨,富邦長紅基金,3708
00787,20230723,A1405,曾添瑩,B2099,洪安文,富邦全球投資等級債券,37021
00788,20230723,Y2145,魏宛禹,U2636,江可微,富邦大中華成長基金,22372
00789,20230723,L2699,黃容旭,U2636,江可微,富邦精準基金,9201
00790,20230724,K2546,賴芯菡,C2834,王亞鬆,富邦全球不動產基金,43318
00791,20230725,F2871,黎奕舒,Z2432,鄭慧飛,富邦長紅基金,49034
00792,20230726,B1436,吳光磊,C2834,王亞鬆,富邦吉祥貨幣市場基金,60680
00793,20230726,V1046,陳濮舒,Y1718,鄒祺興,富邦吉祥貨幣市場基金,46664
00794,20230728,V1046,陳濮舒,J2985,胡正爾,富邦全球不動產基金,69200
00795,20230728,U2206,林昀琉,W2337,涂玉芸,富邦吉祥貨幣市場基金,51179
00796,20230728,L2699,黃容旭,X1422,吳光理,富邦吉祥貨幣市場基金,87537
00797,20230730,K2546,賴芯菡,B2099,洪安文,富邦精銳中小基金,19999
00798,20230731,X2889,魏于嬋,Y1718,鄒祺興,富邦全球投資等級債券,18542
00799,20230731,F2871,黎奕舒,I1055,張實豪,富邦精準基金,92127
00800,20230801,F2871,黎奕舒,H2664,林丹雨,富邦精準基金,86719
00801,20230803,L2699,黃容旭,G1787,詹剛勝,富邦大中華成長基金,23332
00802,20230805,B1436,吳光磊,U1092,王曉明,富邦精準基金,37446
00803,20230807,W1150,洪林歆,X1422,吳光理,富邦吉祥貨幣市場基金,49095
00804,20230807,X2889,魏于嬋,E2600,林銀霞,富邦大中華成長基金,25504
00805,20230808,B1436,吳光磊,U2636,江可微,富邦高成長基金,22774
00806,20230809,L2699,黃容旭,I1055,張實豪,富邦吉祥貨幣市場基金,21102
00807,20230810,U2206,林昀琉,Z2432,鄭慧飛,富邦大中華成長基金,92298
00808,20230810,X2889,魏于嬋,I1055,張實豪,富邦吉祥貨幣市場基金,56452
00809,20230811,X2889,魏于嬋,Y1718,鄒祺興,富邦科技基金富邦台灣心基金,44708
00810,20230811,L2699,黃容旭,U1092,王曉明,富邦全球不動產基金,72856
00811,20230812,X2889,魏于嬋,E2600,林銀霞,富邦全球不動產基金,9972
00812,20230812,L2699,黃容旭,C2526,王喧海,富邦全球不動產基金,25840
00813,20230812,U2206,林昀琉,G1787,詹剛勝,富邦全球不動產基金,97806
00814,20230814,X2889,魏于嬋,O1949,周塵文,富邦高成長基金,47348
00815,20230818,F2871,黎奕舒,O1949,周塵文,富邦大中華成長基金,15875
00816,20230818,U2206,林昀琉,Y1718,鄒祺興,富邦科技基金富邦台灣心基金,9404
00817,20230819,W1150,洪林歆,I1055,張實豪,富邦全球投資等級債券,2401
00818,20230820,W1150,洪林歆,J2985,胡正爾,富邦精準基金,2821
00819,20230821,K2546,賴芯菡,A2401,顏平言,富邦全球不動產基金,69534
00820,20230822,V1046,陳濮舒,A2401,顏平言,富邦精準基金,12826
00821,20230823,U2206,林昀琉,W2337,涂玉芸,富邦大中華成長基金,23625
00822,20230823,U2206,林昀琉,I1055,張實豪,富邦科技基金富邦台灣心基金,63607
00823,20230823,B1436,吳光磊,O1949,周塵文,富邦全球不動產基金,17720
00824,20230824,L2699,黃容旭,X1760,賴凰鳴,富邦科技基金富邦台灣心基金,14110
00825,20230824,L2699,黃容旭,A2401,顏平言,富邦吉祥貨幣市場基金,66570
00826,20230824,A1405,曾添瑩,A1849,王斯運,富邦吉祥貨幣市場基金,69937
00827,20230825,X2889,魏于嬋,Y1718,鄒祺興,富邦吉祥貨幣市場基金,22445
00828,20230826,X2889,魏于嬋,U1092,王曉明,富邦全球不動產基金,65382
00829,20230826,F2871,黎奕舒,O2672,孫捷玟,富邦長紅基金,17575
00830,20230826,V1046,陳濮舒,J2985,胡正爾,富邦精準基金,32706
00831,20230827,W1150,洪林歆,C2834,王亞鬆,富邦吉祥貨幣市場基金,32984
00832,20230827,Y2145,魏宛禹,O2672,孫捷玟,富邦精銳中小基金,71929
00833,20230828,L2699,黃容旭,X1422,吳光理,富邦高成長基金,66606
00834,20230829,Y2145,魏宛禹,U2636,江可微,富邦長紅基金,76525
00835,20230829,U2206,林昀琉,A2401,顏平言,富邦科技基金富邦台灣心基金,84929
00836,20230829,A1405,曾添瑩,Z2432,鄭慧飛,富邦長紅基金,49012
00837,20230829,L2699,黃容旭,X1422,吳光理,富邦高成長基金,86893
00838,20230830,B1436,吳光磊,B2099,洪安文,富邦科技基金富邦台灣心基金,14423
00839,20230830,W1150,洪林歆,H2664,林丹雨,富邦全球投資等級債券,99960
00840,20230831,Y2145,魏宛禹,X1422,吳光理,富邦吉祥貨幣市場基金,91232
00841,20230831,L2699,黃容旭,X1422,吳光理,富邦科技基金富邦台灣心基金,77747
00842,20230831,W1150,洪林歆,O1949,周塵文,富邦大中華成長基金,84720
00843,20230903,A1405,曾添瑩,H2664,林丹雨,富邦吉祥貨幣市場基金,59729
00844,20230903,W1150,洪林歆,A1849,王斯運,富邦吉祥貨幣市場基金,12688
00845,20230906,Y2145,魏宛禹,C2526,王喧海,富邦精銳中小基金,97716
00846,20230906,V1046,陳濮舒,C2834,王亞鬆,富邦全球不動產基金,5296
00847,20230907,A1405,曾添瑩,D1287,田杉遠,富邦精銳中小基金,67488
00848,20230907,Y2145,魏宛禹,Y1718,鄒祺興,富邦高成長基金,56018
00849,20230907,W1150,洪林歆,E2600,林銀霞,富邦精準基金,93840
00850,20230908,U2206,林昀琉,E2600,林銀霞,富邦吉祥貨幣市場基金,74246
00851,20230908,X2889,魏于嬋,U1092,王曉明,富邦全球投資等級債券,12342
00852,20230908,X2889,魏于嬋,Z2432,鄭慧飛,富邦吉祥貨幣市場基金,72606
00853,20230908,X2889,魏于嬋,B2099,洪安文,富邦全球不動產基金,67711
00854,20230908,K2546,賴芯菡,U2636,江可微,富邦精銳中小基金,49722
00855,20230909,U2206,林昀琉,O1949,周塵文,富邦精準基金,26329
00856,20230909,W1150,洪林歆,C2834,王亞鬆,富邦精準基金,36889
00857,20230911,U2206,林昀琉,O2672,孫捷玟,富邦吉祥貨幣市場基金,59212
00858,20230911,F2871,黎奕舒,U1092,王曉明,富邦科技基金富邦台灣心基金,2418
00859,20230913,K2546,賴芯菡,O2672,孫捷玟,富邦高成長基金,73059
00860,20230913,U2206,林昀琉,H2664,林丹雨,富邦全球不動產基金,41940
00861,20230914,V1046,陳濮舒,A2401,顏平言,富邦全球投資等級債券,7328
00862,20230914,A1405,曾添瑩,X1760,賴凰鳴,富邦精銳中小基金,71827
00863,20230915,W1150,洪林歆,I1055,張實豪,富邦吉祥貨幣市場基金,76181
00864,20230915,X2889,魏于嬋,E2600,林銀霞,富邦吉祥貨幣市場基金,18745
00865,20230916,Y2145,魏宛禹,C2526,王喧海,富邦科技基金富邦台灣心基金,95365
00866,20230917,B1436,吳光磊,D1287,田杉遠,富邦全球不動產基金,94663
00867,20230917,B1436,吳光磊,I1055,張實豪,富邦高成長基金,80713
00868,20230917,B1436,吳光磊,D1287,田杉遠,富邦精銳中小基金,92988
00869,20230917,W1150,洪林歆,A1849,王斯運,富邦長紅基金,63652
00870,20230919,V1046,陳濮舒,A2401,顏平言,富邦全球不動產基金,17526
00871,20230920,B1436,吳光磊,D1287,田杉遠,富邦全球不動產基金,86905
00872,20230921,X2889,魏于嬋,W2337,涂玉芸,富邦全球投資等級債券,99762
00873,20230922,Y2145,魏宛禹,J2985,胡正爾,富邦精準基金,94933
00874,20230922,W1150,洪林歆,C2834,王亞鬆,富邦大中華成長基金,50412
00875,20230922,K2546,賴芯菡,Y1718,鄒祺興,富邦大中華成長基金,65408
00876,20230923,L2699,黃容旭,J2985,胡正爾,富邦精準基金,32002
00877,20230924,B1436,吳光磊,C2526,王喧海,富邦全球不動產基金,87730
00878,20230925,K2546,賴芯菡,U2636,江可微,富邦長紅基金,90858
00879,20230928,U2206,林昀琉,G1787,詹剛勝,富邦全球投資等級債券,60336
00880,20230930,L2699,黃容旭,A1849,王斯運,富邦精準基金,14974
00881,20230930,A1405,曾添瑩,U2636,江可微,富邦吉祥貨幣市場基金,76692
00882,20230930,Y2145,魏宛禹,X1760,賴凰鳴,富邦吉祥貨幣市場基金,41593
00883,20230930,L2699,黃容旭,U1092,王曉明,富邦長紅基金,19683
00884,20231001,K2546,賴芯菡,H2664,林丹雨,富邦科技基金富邦台灣心基金,24954
00885,20231002,X2889,魏于嬋,H2664,林丹雨,富邦精銳中小基金,35497
00886,20231002,A1405,曾添瑩,C2834,王亞鬆,富邦科技基金富邦台灣心基金,45267
00887,20231002,K2546,賴芯菡,U1092,王曉明,富邦長紅基金,98680
00888,20231003,V1046,陳濮舒,A2401,顏平言,富邦科技基金富邦台灣心基金,51972
00889,20231004,A1405,曾添瑩,X1422,吳光理,富邦吉祥貨幣市場基金,23976
00890,20231007,K2546,賴芯菡,D1287,田杉遠,富邦大中華成長基金,28219
00891,20231008,U2206,林昀琉,I1055,張實豪,富邦長紅基金,85681
00892,20231009,B1436,吳光磊,X1422,吳光理,富邦高成長基金,29761
00893,20231009,W1150,洪林歆,J2985,胡正爾,富邦高成長基金,82848
00894,20231010,V1046,陳濮舒,W2337,涂玉芸,富邦高成長基金,45254
00895,20231010,K2546,賴芯菡,U2636,江可微,富邦精銳中小基金,73244
00896,20231011,L2699,黃容旭,B2099,洪安文,富邦精準基金,88482
00897,20231011,Y2145,魏宛禹,W2337,涂玉芸,富邦全球投資等級債券,66044
00898,20231012,U2206,林昀琉,J2985,胡正爾,富邦全球投資等級債券,73363
00899,20231015,K2546,賴芯菡,X1760,賴凰鳴,富邦全球不動產基金,18645
00900,20231015,U2206,林昀琉,H2664,林丹雨,富邦長紅基金,38447
00901,20231015,W1150,洪林歆,B2099,洪安文,富邦科技基金富邦台灣心基金,48744
00902,20231016,A1405,曾添瑩,I1055,張實豪,富邦大中華成長基金,99708
00903,20231016,B1436,吳光磊,C2834,王亞鬆,富邦精準基金,65094
00904,20231016,L2699,黃容旭,U2636,江可微,富邦吉祥貨幣市場基金,68738
00905,20231017,A1405,曾添瑩,G1787,詹剛勝,富邦長紅基金,17027
00906,20231017,X2889,魏于嬋,C2834,王亞鬆,富邦科技基金富邦台灣心基金,94824
00907,20231017,A1405,曾添瑩,X1422,吳光理,富邦吉祥貨幣市場基金,37769
00908,20231017,X2889,魏于嬋,O1949,周塵文,富邦吉祥貨幣市場基金,30517
00909,20231018,W1150,洪林歆,W2337,涂玉芸,富邦大中華成長基金,93074
00910,20231018,A1405,曾添瑩,A2401,顏平言,富邦大中華成長基金,23597
00911,20231018,V1046,陳濮舒,G1787,詹剛勝,富邦精銳中小基金,18054
00912,20231019,U2206,林昀琉,Z2432,鄭慧飛,富邦精銳中小基金,81022
00913,20231020,B1436,吳光磊,X1422,吳光理,富邦科技基金富邦台灣心基金,91796
00914,20231021,B1436,吳光磊,B2099,洪安文,富邦吉祥貨幣市場基金,65358
00915,20231022,X2889,魏于嬋,O2672,孫捷玟,富邦吉祥貨幣市場基金,69060
00916,20231023,K2546,賴芯菡,A2401,顏平言,富邦長紅基金,30052
00917,20231024,X2889,魏于嬋,U1092,王曉明,富邦精準基金,74522
00918,20231024,U2206,林昀琉,J2985,胡正爾,富邦大中華成長基金,62754
00919,20231025,U2206,林昀琉,O2672,孫捷玟,富邦全球投資等級債券,1128
00920,20231025,L2699,黃容旭,I1055,張實豪,富邦全球投資等級債券,65299
00921,20231026,X2889,魏于嬋,X1760,賴凰鳴,富邦全球不動產基金,70462
00922,20231027,L2699,黃容旭,G1787,詹剛勝,富邦科技基金富邦台灣心基金,31453
00923,20231027,U2206,林昀琉,C2526,王喧海,富邦大中華成長基金,33028
00924,20231027,X2889,魏于嬋,C2526,王喧海,富邦全球不動產基金,65099
00925,20231027,F2871,黎奕舒,X1422,吳光理,富邦精準基金,37983
00926,20231027,Y2145,魏宛禹,Y1718,鄒祺興,富邦全球投資等級債券,79445
00927,20231028,X2889,魏于嬋,Y1718,鄒祺興,富邦大中華成長基金,40968
00928,20231028,Y2145,魏宛禹,H2664,林丹雨,富邦長紅基金,10449
00929,20231028,V1046,陳濮舒,B2099,洪安文,富邦科技基金富邦台灣心基金,6350
00930,20231029,B1436,吳光磊,B2099,洪安文,富邦全球投資等級債券,91095
00931,20231029,F2871,黎奕舒,C2526,王喧海,富邦大中華成長基金,52977
00932,20231029,A1405,曾添瑩,I1055,張實豪,富邦大中華成長基金,49693
00933,20231031,K2546,賴芯菡,X1422,吳光理,富邦大中華成長基金,6319
00934,20231101,B1436,吳光磊,C2834,王亞鬆,富邦高成長基金,64385
00935,20231101,V1046,陳濮舒,Z2432,鄭慧飛,富邦科技基金富邦台灣心基金,29608
00936,20231103,U2206,林昀琉,I1055,張實豪,富邦精準基金,80741
00937,20231103,W1150,洪林歆,W2337,涂玉芸,富邦高成長基金,12141
00938,20231104,L2699,黃容旭,G1787,詹剛勝,富邦全球不動產基金,53917
00939,20231104,X2889,魏于嬋,A1849,王斯運,富邦全球投資等級債券,99990
00940,20231105,V1046,陳濮舒,C2834,王亞鬆,富邦全球投資等級債券,85450
00941,20231105,K2546,賴芯菡,Z2432,鄭慧飛,富邦精銳中小基金,30515
00942,20231106,F2871,黎奕舒,Z2432,鄭慧飛,富邦全球投資等級債券,75163
00943,20231107,A1405,曾添瑩,E2600,林銀霞,富邦長紅基金,56824
00944,20231107,B1436,吳光磊,O2672,孫捷玟,富邦科技基金富邦台灣心基金,99719
00945,20231108,K2546,賴芯菡,O1949,周塵文,富邦全球投資等級債券,34240
00946,20231108,V1046,陳濮舒,X1422,吳光理,富邦吉祥貨幣市場基金,81905
00947,20231108,V1046,陳濮舒,Y1718,鄒祺興,富邦全球不動產基金,15373
00948,20231109,A1405,曾添瑩,H2664,林丹雨,富邦精銳中小基金,89403
00949,20231110,X2889,魏于嬋,J2985,胡正爾,富邦長紅基金,66438
00950,20231110,X2889,魏于嬋,A2401,顏平言,富邦吉祥貨幣市場基金,64452
00951,20231111,A1405,曾添瑩,D1287,田杉遠,富邦科技基金富邦台灣心基金,83730
00952,20231113,V1046,陳濮舒,B2099,洪安文,富邦長紅基金,87788
00953,20231113,K2546,賴芯菡,J2985,胡正爾,富邦科技基金富邦台灣心基金,88805
00954,20231114,Y2145,魏宛禹,Z2432,鄭慧飛,富邦全球投資等級債券,33011
00955,20231115,Y2145,魏宛禹,J2985,胡正爾,富邦大中華成長基金,4382
00956,20231115,X2889,魏于嬋,W2337,涂玉芸,富邦精銳中小基金,94224
00957,20231115,F2871,黎奕舒,U2636,江可微,富邦吉祥貨幣市場基金,34564
00958,20231118,L2699,黃容旭,E2600,林銀霞,富邦科技基金富邦台灣心基金,62937
00959,20231119,W1150,洪林歆,X1422,吳光理,富邦吉祥貨幣市場基金,4263
00960,20231120,W1150,洪林歆,I1055,張實豪,富邦全球投資等級債券,93089
00961,20231120,V1046,陳濮舒,C2526,王喧海,富邦高成長基金,46155
00962,20231121,K2546,賴芯菡,A1849,王斯運,富邦精銳中小基金,83517
00963,20231121,K2546,賴芯菡,A2401,顏平言,富邦長紅基金,23886
00964,20231122,L2699,黃容旭,C2834,王亞鬆,富邦長紅基金,29471
00965,20231122,L2699,黃容旭,J2985,胡正爾,富邦全球不動產基金,28258
00966,20231125,Y2145,魏宛禹,C2834,王亞鬆,富邦精準基金,50003
00967,20231127,Y2145,魏宛禹,H2664,林丹雨,富邦高成長基金,71003
00968,20231128,F2871,黎奕舒,A2401,顏平言,富邦吉祥貨幣市場基金,23420
00969,20231129,U2206,林昀琉,E2600,林銀霞,富邦全球不動產基金,43036
00970,20231129,B1436,吳光磊,W2337,涂玉芸,富邦科技基金富邦台灣心基金,21097
00971,20231202,L2699,黃容旭,Z2432,鄭慧飛,富邦長紅基金,87613
00972,20231205,X2889,魏于嬋,A2401,顏平言,富邦全球不動產基金,82471
00973,20231207,K2546,賴芯菡,A2401,顏平言,富邦吉祥貨幣市場基金,4783
00974,20231209,L2699,黃容旭,J2985,胡正爾,富邦長紅基金,7373
00975,20231210,V1046,陳濮舒,U1092,王曉明,富邦吉祥貨幣市場基金,45518
00976,20231211,W1150,洪林歆,J2985,胡正爾,富邦長紅基金,75725
00977,20231211,Y2145,魏宛禹,D1287,田杉遠,富邦全球投資等級債券,52022
00978,20231212,X2889,魏于嬋,A2401,顏平言,富邦全球投資等級債券,77205
00979,20231212,Y2145,魏宛禹,H2664,林丹雨,富邦精準基金,98846
00980,20231212,X2889,魏于嬋,E2600,林銀霞,富邦精銳中小基金,6346
00981,20231213,A1405,曾添瑩,U2636,江可微,富邦科技基金富邦台灣心基金,73173
00982,20231213,V1046,陳濮舒,A1849,王斯運,富邦精銳中小基金,60448
00983,20231214,F2871,黎奕舒,B2099,洪安文,富邦精銳中小基金,94609
00984,20231215,V1046,陳濮舒,O1949,周塵文,富邦長紅基金,28950
00985,20231215,Y2145,魏宛禹,B2099,洪安文,富邦吉祥貨幣市場基金,70264
00986,20231215,F2871,黎奕舒,X1422,吳光理,富邦高成長基金,18169
00987,20231215,X2889,魏于嬋,W2337,涂玉芸,富邦全球不動產基金,89910
00988,20231215,W1150,洪林歆,Z2432,鄭慧飛,富邦精準基金,28056
00989,20231216,F2871,黎奕舒,W2337,涂玉芸,富邦全球不動產基金,46377
00990,20231216,K2546,賴芯菡,A1849,王斯運,富邦科技基金富邦台灣心基金,94550
00991,20231216,B1436,吳光磊,C2834,王亞鬆,富邦全球投資等級債券,27486
00992,20231216,A1405,曾添瑩,W2337,涂玉芸,富邦精準基金,81700
00993,20231222,K2546,賴芯菡,I1055,張實豪,富邦吉祥貨幣市場基金,66240
00994,20231222,L2699,黃容旭,Y1718,鄒祺興,富邦全球投資等級債券,69312
00995,20231225,W1150,洪林歆,U2636,江可微,富邦科技基金富邦台灣心基金,52719
00996,20231228,K2546,賴芯菡,B2099,洪安文,富邦吉祥貨幣市場基金,50364
00997,20231228,F2871,黎奕舒,X1422,吳光理,富邦吉祥貨幣市場基金,80883
00998,20231228,X2889,魏于嬋,X1422,吳光理,富邦吉祥貨幣市場基金,16503
00999,20231229,F2871,黎奕舒,O1949,周塵文,富邦全球投資等級債券,21241
01000,20231229,Y2145,魏宛禹,E2600,林銀霞,富邦高成長基金,55835
