{"chat": [[{"AiResponse": "您好，請問您要查詢什麼資料呢？", "AiTime": ""}, {"HumanInput": "告訴我所有客戶的平均單筆交易金額。", "AiResponse": "\n\n資料條件：\n1. 所有客戶\n2. 單筆交易金額\n3. 平均值\n\n資料欄位：\n1. 平均單筆交易金額 \n\n\n\n\n請問以上是否正確? 正確，請回答'1'，不正確，請回答'2'。", "HumanTime": "2024/11/1 下午4:48:35", "AiTime": "2024/11/1 下午4:54:34"}, {"HumanInput": "1", "AiResponse": "請重新嘗試", "HumanTime": "2024/11/1 下午4:54:58", "AiTime": "2024/11/1 下午4:55:02"}, {"HumanInput": "告訴我所有客戶的平均單筆交易金額。", "AiResponse": "\n\n資料條件：\n1. 所有客戶\n2. 單筆交易金額\n3. 平均值\n\n資料欄位：\n1. 平均單筆交易金額 \n\n\n\n\n請問以上是否正確? 正確，請回答'1'，不正確，請回答'2'。", "HumanTime": "2024/11/1 下午4:59:25", "AiTime": "2024/11/1 下午5:00:02"}, {"HumanInput": "1", "AiResponse": "請重新嘗試", "HumanTime": "2024/11/1 下午5:00:11", "AiTime": "2024/11/1 下午5:00:58"}, {"HumanInput": "告訴我所有客戶的平均單筆交易金額。", "AiResponse": "\n\n資料條件：\n1. 所有客戶\n2. 單筆交易金額\n3. 平均值\n\n資料欄位：\n1. 平均單筆交易金額 \n\n\n\n\n請問以上是否正確? 正確，請回答'1'，不正確，請回答'2'。", "HumanTime": "2024/11/1 下午5:01:23", "AiTime": "2024/11/1 下午5:06:58"}, {"HumanInput": "1", "AiResponse": "請重新嘗試", "HumanTime": "2024/11/1 下午5:07:03", "AiTime": "2024/11/1 下午5:24:42"}, {"HumanInput": "告訴我所有客戶的平均單筆交易金額。", "AiResponse": "\n\n資料條件：\n1. 所有客戶\n2. 單筆交易金額\n3. 平均值\n\n資料欄位：\n1. 平均單筆交易金額 \n\n\n\n\n請問以上是否正確? 正確，請回答'1'，不正確，請回答'2'。", "HumanTime": "2024/11/1 下午5:24:54", "AiTime": "2024/11/1 下午5:29:55"}, {"HumanInput": "1", "AiResponse": "請重新嘗試", "HumanTime": "2024/11/1 下午5:33:26", "AiTime": "2024/11/1 下午5:47:34"}, {"HumanInput": "告訴我所有客戶的平均單筆交易金額。", "AiResponse": "請重新嘗試", "HumanTime": "2024/11/1 下午5:55:12", "AiTime": "2024/11/1 下午5:55:17"}, {"HumanInput": "告訴我所有客戶的平均單筆交易金額。", "AiResponse": "\n\n資料條件：\n1. 所有客戶\n2. 單筆交易金額\n3. 平均值\n\n資料欄位：\n1. 平均單筆交易金額 \n\n\n\n\n請問以上是否正確? 正確，請回答'1'，不正確，請回答'2'。", "HumanTime": "2024/11/4 上午8:58:33", "AiTime": "2024/11/4 上午9:04:12"}, {"HumanInput": "1", "AiResponse": "查詢成功", "HumanTime": "2024/11/4 上午9:04:39", "AiTime": "2024/11/4 上午9:18:56"}], [{"AiResponse": "您好，請問您要查詢什麼資料呢？", "AiTime": ""}, {"HumanInput": "告訴我所有客戶的平均單筆交易金額。", "AiResponse": "\n\n資料條件：\n1. 所有客戶\n2. 單筆交易金額\n3. 平均值\n\n資料欄位：\n1. 平均單筆交易金額 \n\n\n\n\n請問以上是否正確? 正確，請回答'1'，不正確，請回答'2'。", "HumanTime": "2024/11/4 上午10:56:55", "AiTime": "2024/11/4 上午11:02:28"}, {"HumanInput": "1", "AiResponse": "請重新嘗試", "HumanTime": "2024/11/4 上午11:02:35", "AiTime": "2024/11/4 上午11:29:41"}, {"HumanInput": "告訴我所有客戶的平均單筆交易金額。", "AiResponse": "\n\n資料條件：\n1. 所有客戶\n2. 單筆交易金額\n3. 平均值\n\n資料欄位：\n1. 平均單筆交易金額 \n\n\n\n\n請問以上是否正確? 正確，請回答'1'，不正確，請回答'2'。", "HumanTime": "2024/11/4 上午11:30:50", "AiTime": "2024/11/4 上午11:36:20"}, {"HumanInput": "1", "AiResponse": "無法查詢，以下是系統生成的SQL：\nSELECT AVG(TA006) AS 平均單筆交易金額 FROM 交易資料表 JOIN 客戶資料表 ON 交易資料表.CI004 = 客戶資料表.CUS001\n資料庫來源：Oracle", "HumanTime": "2024/11/4 上午11:36:25", "AiTime": "2024/11/4 上午11:53:58"}], [{"AiResponse": "您好，請問您要查詢什麼資料呢？", "AiTime": ""}, {"HumanInput": "告訴我所有客戶的平均單筆交易金額。", "AiResponse": "\n\n資料條件：\n1. 所有客戶\n2. 單筆交易金額\n3. 平均值\n\n資料欄位：\n1. 平均單筆交易金額 \n\n\n\n\n請問以上是否正確? 正確，請回答'1'，不正確，請回答'2'。", "HumanTime": "2024/11/4 下午1:44:35", "AiTime": "2024/11/4 下午1:51:30"}, {"HumanInput": "1", "AiResponse": "請重新嘗試", "HumanTime": "2024/11/4 下午2:15:14", "AiTime": "2024/11/4 下午2:30:17"}, {"HumanInput": "告訴我所有客戶的平均單筆交易金額。", "AiResponse": "請重新嘗試", "HumanTime": "2024/11/4 下午4:09:14", "AiTime": "2024/11/4 下午4:12:16"}], [{"AiResponse": "您好，請問您要查詢什麼資料呢？", "AiTime": ""}, {"AiResponse": "\n\n資料條件：\n1. 所有客戶\n2. 單筆交易金額\n3. 平均值\n\n資料欄位：\n1. 平均單筆交易金額 \n\n\n\n\n請問以上是否正確? 正確，請回答'1'，不正確，請回答'2'。", "AiTime": "2024/11/4 下午4:18:21", "HumanInput": "告訴我所有客戶的平均單筆交易金額。", "HumanTime": "2024/11/4 下午4:12:29"}, {"AiResponse": "請重新嘗試", "AiTime": "2024/11/4 下午4:36:13", "HumanInput": "1", "HumanTime": "2024/11/4 下午4:18:31"}, {"AiResponse": "\n\n資料條件：\n1. 所有客戶\n2. 單筆交易金額\n3. 平均值\n\n資料欄位：\n1. 平均單筆交易金額 \n\n\n\n\n請問以上是否正確? 正確，請回答'1'，不正確，請回答'2'。", "AiTime": "2024/11/4 下午4:41:26", "HumanInput": "告訴我所有客戶的平均單筆交易金額。", "HumanTime": "2024/11/4 下午4:36:19"}, {"AiResponse": "查詢成功", "AiTime": "2024/11/4 下午4:55:13", "HumanInput": "1", "HumanTime": "2024/11/4 下午4:41:36"}, {"HumanInput": "告訴我所有年齡大於50歲客戶的交易記錄，包含客戶姓名與每筆交易金額。", "AiResponse": "##  \n\n**資料條件:**\n\n1. 所有\n2. 年齡大於50歲\n3. 客戶\n4. 交易記錄\n\n**資料欄位:**\n\n1. 客戶姓名\n2. 每筆交易金額 \n\n\n\n\n請問以上是否正確? 正確，請回答'1'，不正確，請回答'2'。", "HumanTime": "2024/11/4 下午5:09:40", "AiTime": "2024/11/4 下午5:15:35"}, {"HumanInput": "1", "AiResponse": "查詢成功", "HumanTime": "2024/11/4 下午5:23:52", "AiTime": "2024/11/4 下午5:39:13"}], [{"AiResponse": "您好，請問您要查詢什麼資料呢？", "AiTime": ""}, {"HumanInput": "告訴我2022年全年銷售額排名前五的基金產品。包含產品名稱與銷售總額。", "AiResponse": "請登入\n\n請問以上是否正確? 正確，請回答'1'，不正確，請回答'2'。", "HumanTime": "2024/11/21 上午10:48:38", "AiTime": "2024/11/21 上午10:48:39"}], [{"AiResponse": "您好，請問您要查詢什麼資料呢？", "AiTime": ""}, {"HumanInput": "告訴我2022年全年銷售額排名前五的基金產品。包含產品名稱與銷售總額。", "AiResponse": "請登入\n\n請問以上是否正確? 正確，請回答'1'，不正確，請回答'2'。", "HumanTime": "2024/11/21 上午10:48:48", "AiTime": "2024/11/21 上午10:48:49"}], [{"AiResponse": "您好，請問您要查詢什麼資料呢？", "AiTime": ""}, {"HumanInput": "告訴我2022年全年銷售額排名前五的基金產品。包含產品名稱與銷售總額。", "AiResponse": "請登入\n\n請問以上是否正確? 正確，請回答'1'，不正確，請回答'2'。", "HumanTime": "2024/11/21 上午10:49:33", "AiTime": "2024/11/21 上午10:49:34"}], [{"AiResponse": "您好，請問您要查詢什麼資料呢？", "AiTime": ""}, {"HumanInput": "告訴我2022年全年銷售額排名前五的基金產品。包含產品名稱與銷售總額。", "AiResponse": "請登入\n\n請問以上是否正確? 正確，請回答'1'，不正確，請回答'2'。", "HumanTime": "2024/11/21 上午10:51:23", "AiTime": "2024/11/21 上午10:51:23"}], [{"AiResponse": "您好，請問您要查詢什麼資料呢？", "AiTime": ""}, {"HumanInput": "告訴我2022年全年銷售額排名前五的基金產品。包含產品名稱與銷售總額。", "AiResponse": "請登入\n\n請問以上是否正確? 正確，請回答'1'，不正確，請回答'2'。", "HumanTime": "2024/11/21 上午10:52:36", "AiTime": "2024/11/21 上午10:52:36"}], [{"AiResponse": "您好，請問您要查詢什麼資料呢？", "AiTime": ""}, {"HumanInput": "告訴我2022年全年銷售額排名前五的基金產品。包含產品名稱與銷售總額。", "AiResponse": "我不知道怎麼回答\n\n請問以上是否正確? 正確，請回答'1'，不正確，請回答'2'。", "HumanTime": "2024/11/21 上午10:53:57", "AiTime": "2024/11/21 上午10:53:57"}], [{"AiResponse": "您好，請問您要查詢什麼資料呢？", "AiTime": ""}, {"HumanInput": "告訴我2022年全年銷售額排名前五的基金產品。包含產品名稱與銷售總額。", "AiResponse": "我不知道怎麼回答\n\n請問以上是否正確? 正確，請回答'1'，不正確，請回答'2'。", "HumanTime": "2024/11/21 上午10:55:49", "AiTime": "2024/11/21 上午10:55:49"}], [{"AiResponse": "您好，請問您要查詢什麼資料呢？", "AiTime": ""}, {"HumanInput": "告訴我2022年全年銷售額排名前五的基金產品。包含產品名稱與銷售總額。\n", "AiResponse": "我不知道怎麼回答\n\n請問以上是否正確? 正確，請回答'1'，不正確，請回答'2'。", "HumanTime": "2024/11/21 上午10:57:03", "AiTime": "2024/11/21 上午10:57:03"}], [{"AiResponse": "您好，請問您要查詢什麼資料呢？", "AiTime": ""}, {"HumanInput": "告訴我2022年全年銷售額排名前五的基金產品。包含產品名稱與銷售總額。", "AiResponse": "我不知道怎麼回答\n\n請問以上是否正確? 正確，請回答'1'，不正確，請回答'2'。", "HumanTime": "2024/11/21 上午10:59:45", "AiTime": "2024/11/21 上午10:59:45"}], [{"AiResponse": "您好，請問您要查詢什麼資料呢？", "AiTime": ""}, {"HumanInput": "告訴我2022年全年銷售額排名前五的基金產品。包含產品名稱與銷售總額。", "AiResponse": "請重新嘗試", "HumanTime": "2024/11/21 上午11:01:02", "AiTime": "2024/11/21 上午11:01:05"}], [{"AiResponse": "您好，請問您要查詢什麼資料呢？", "AiTime": ""}, {"HumanInput": "告訴我2022年全年銷售額排名前五的基金產品。包含產品名稱與銷售總額。", "AiResponse": "##  \n\n**資料條件:**\n\n1. 時間：2022年\n2. 全年銷售額\n3. 排名前五\n4. 基金產品\n\n**資料欄位:**\n\n1. 產品名稱\n2. 銷售總額 \n\n\n\n\n請問以上是否正確? 正確，請回答'1'，不正確，請回答'2'。", "HumanTime": "2024/11/21 上午11:02:05", "AiTime": "2024/11/21 上午11:09:37"}, {"HumanInput": "1", "AiResponse": "請重新嘗試", "HumanTime": "2024/11/21 上午11:10:15", "AiTime": "2024/11/21 上午11:11:21"}, {"HumanInput": "告訴我2022年全年銷售額排名前五的基金產品。包含產品名稱與銷售總額。", "AiResponse": "##  \n\n**資料條件:**\n\n1. 時間：2022年\n2. 全年銷售額\n3. 排名前五\n4. 基金產品\n\n**資料欄位:**\n\n1. 產品名稱\n2. 銷售總額 \n\n\n\n\n請問以上是否正確? 正確，請回答'1'，不正確，請回答'2'。", "HumanTime": "2024/11/21 上午11:11:59", "AiTime": "2024/11/21 上午11:20:26"}, {"HumanInput": "1", "AiResponse": "請重新嘗試", "HumanTime": "2024/11/21 上午11:20:38", "AiTime": "2024/11/21 上午11:21:14"}, {"HumanInput": "告訴我2022年全年銷售額排名前五的基金產品。包含產品名稱與銷售總額。", "AiResponse": "##  \n\n**資料條件:**\n\n1. 時間：2022年\n2. 全年銷售額\n3. 排名前五\n4. 基金產品\n\n**資料欄位:**\n\n1. 產品名稱\n2. 銷售總額 \n\n\n\n\n請問以上是否正確? 正確，請回答'1'，不正確，請回答'2'。", "HumanTime": "2024/11/21 上午11:23:12", "AiTime": "2024/11/21 上午11:30:58"}, {"HumanInput": "1", "AiResponse": "查詢成功", "HumanTime": "2024/11/21 上午11:32:01", "AiTime": "2024/11/21 上午11:45:53"}], [{"AiResponse": "您好，請問您要查詢什麼資料呢？", "AiTime": ""}, {"HumanInput": "告訴我2022年全年銷售額排名前五的基金產品。包含產品名稱與銷售總額。", "AiResponse": "##  \n\n**資料條件:**\n\n1. 時間：2022年\n2. 全年銷售額\n3. 排名前五\n4. 基金產品\n\n**資料欄位:**\n\n1. 產品名稱\n2. 銷售總額 \n\n\n\n\n請問以上是否正確? 正確，請回答'1'，不正確，請回答'2'。", "HumanTime": "2024/11/21 上午11:53:54", "AiTime": "2024/11/21 下午12:00:14"}, {"HumanInput": "1", "AiResponse": "查詢成功", "HumanTime": "2024/11/21 下午12:00:21", "AiTime": "2024/11/21 下午12:13:27"}, {"HumanInput": "告訴我2022年全年銷售額排名前五的基金產品。包含產品名稱與銷售總額。", "AiResponse": "##  \n\n**資料條件:**\n\n1. 時間：2022年\n2. 全年銷售額\n3. 排名前五\n4. 基金產品\n\n**資料欄位:**\n\n1. 產品名稱\n2. 銷售總額 \n\n\n\n\n請問以上是否正確? 正確，請回答'1'，不正確，請回答'2'。", "HumanTime": "2024/11/21 下午1:34:33", "AiTime": "2024/11/21 下午1:40:45"}, {"HumanInput": "1", "AiResponse": "查詢成功", "HumanTime": "2024/11/21 下午1:43:20", "AiTime": "2024/11/21 下午1:58:07"}], [{"AiResponse": "您好，請問您要查詢什麼資料呢？", "AiTime": ""}, {"HumanInput": "告訴我客戶年齡大於50歲的所有交易記錄。包含客戶姓名與交易金額。", "AiResponse": "\n\n資料條件：\n1. 所有\n2. 客戶年齡大於50歲\n3. 交易記錄\n資料欄位：\n1. 客戶姓名\n2. 交易金額 \n\n\n\n\n請問以上是否正確? 正確，請回答'1'，不正確，請回答'2'。", "HumanTime": "2024/11/21 下午2:01:17", "AiTime": "2024/11/21 下午2:07:32"}, {"HumanInput": "1", "AiResponse": "查詢成功", "HumanTime": "2024/11/21 下午2:07:39", "AiTime": "2024/11/21 下午2:22:56"}, {"HumanInput": "告訴我2022年全年銷售額排名前五的基金產品。包含產品名稱與銷售總額。", "AiResponse": "##  \n\n**資料條件:**\n\n1. 時間：2022年\n2. 全年銷售額\n3. 排名前五\n4. 基金產品\n\n**資料欄位:**\n\n1. 產品名稱\n2. 銷售總額 \n\n\n\n\n請問以上是否正確? 正確，請回答'1'，不正確，請回答'2'。", "HumanTime": "2024/11/21 下午2:37:05", "AiTime": "2024/11/21 下午2:44:19"}, {"HumanInput": "1", "AiResponse": "查詢成功", "HumanTime": "2024/11/21 下午2:44:25", "AiTime": "2024/11/21 下午2:58:44"}, {"HumanInput": "告訴我客戶年齡大於50歲的所有交易記錄。包含客戶姓名與交易金額。", "AiResponse": "\n\n資料條件：\n1. 所有\n2. 客戶年齡大於50歲\n3. 交易記錄\n資料欄位：\n1. 客戶姓名\n2. 交易金額 \n\n\n\n\n請問以上是否正確? 正確，請回答'1'，不正確，請回答'2'。", "HumanTime": "2024/11/21 下午2:59:07", "AiTime": "2024/11/21 下午3:04:40"}, {"HumanInput": "1", "AiResponse": "查詢成功", "HumanTime": "2024/11/21 下午3:06:03", "AiTime": "2024/11/21 下午3:21:44"}]], "chat_history_list": [{"chat_title": "告訴我所有客戶的平均單筆交易金額。", "chat_time": "2024/11/1 下午4:48:35", "chat_id": 0}, {"chat_title": "告訴我所有客戶的平均單筆交易金額。", "chat_time": "2024/11/4 上午10:56:55", "chat_id": 1}, {"chat_title": "告訴我所有客戶的平均單筆交易金額。", "chat_time": "2024/11/4 下午1:44:35", "chat_id": 2}, {"chat_title": "告訴我所有客戶的平均單筆交易金額。", "chat_time": "2024/11/4 下午4:12:29", "chat_id": 3}, {"chat_title": "告訴我2022年全年銷售額排名前五的基金產品。包含產品名稱與銷售總額。", "chat_time": "2024/11/21 上午10:48:38", "chat_id": 4}, {"chat_title": "告訴我2022年全年銷售額排名前五的基金產品。包含產品名稱與銷售總額。", "chat_time": "2024/11/21 上午10:48:48", "chat_id": 5}, {"chat_title": "告訴我2022年全年銷售額排名前五的基金產品。包含產品名稱與銷售總額。", "chat_time": "2024/11/21 上午10:49:33", "chat_id": 6}, {"chat_title": "告訴我2022年全年銷售額排名前五的基金產品。包含產品名稱與銷售總額。", "chat_time": "2024/11/21 上午10:51:23", "chat_id": 7}, {"chat_title": "告訴我2022年全年銷售額排名前五的基金產品。包含產品名稱與銷售總額。", "chat_time": "2024/11/21 上午10:52:36", "chat_id": 8}, {"chat_title": "告訴我2022年全年銷售額排名前五的基金產品。包含產品名稱與銷售總額。", "chat_time": "2024/11/21 上午10:53:57", "chat_id": 9}, {"chat_title": "告訴我2022年全年銷售額排名前五的基金產品。包含產品名稱與銷售總額。", "chat_time": "2024/11/21 上午10:55:49", "chat_id": 10}, {"chat_title": "告訴我2022年全年銷售額排名前五的基金產品。包含產品名稱與銷售總額。\n", "chat_time": "2024/11/21 上午10:57:03", "chat_id": 11}, {"chat_title": "告訴我2022年全年銷售額排名前五的基金產品。包含產品名稱與銷售總額。", "chat_time": "2024/11/21 上午10:59:45", "chat_id": 12}, {"chat_title": "告訴我2022年全年銷售額排名前五的基金產品。包含產品名稱與銷售總額。", "chat_time": "2024/11/21 上午11:01:02", "chat_id": 13}, {"chat_title": "告訴我2022年全年銷售額排名前五的基金產品。包含產品名稱與銷售總額。", "chat_time": "2024/11/21 上午11:02:05", "chat_id": 14}, {"chat_title": "告訴我2022年全年銷售額排名前五的基金產品。包含產品名稱與銷售總額。", "chat_time": "2024/11/21 上午11:53:54", "chat_id": 15}, {"chat_title": "告訴我客戶年齡大於50歲的所有交易記錄。包含客戶姓名與交易金額。", "chat_time": "2024/11/21 下午2:01:17", "chat_id": 16}], "q_history": [[], [], [], ["告訴我所有客戶的平均單筆交易金額。", "告訴我所有客戶的平均單筆交易金額。", "告訴我所有年齡大於50歲客戶的交易記錄，包含客戶姓名與每筆交易金額。"], [], [], [], [], [], [], [], [], [], [], ["告訴我2022年全年銷售額排名前五的基金產品。包含產品名稱與銷售總額。"], ["告訴我2022年全年銷售額排名前五的基金產品。包含產品名稱與銷售總額。", "告訴我2022年全年銷售額排名前五的基金產品。包含產品名稱與銷售總額。"], ["告訴我客戶年齡大於50歲的所有交易記錄。包含客戶姓名與交易金額。", "告訴我2022年全年銷售額排名前五的基金產品。包含產品名稱與銷售總額。", "告訴我客戶年齡大於50歲的所有交易記錄。包含客戶姓名與交易金額。"]], "sql_history": [[], [], [], ["SELECT AVG(TA006) AS 平均單筆交易金額 FROM 交易資料表 JOIN 客戶資料表 ON 交易資料表.CI004 = 客戶資料表.CUS001", "SELECT AVG(TA006) AS 平均單筆交易金額 FROM 交易資料表\nJOIN 客戶資料表 ON 交易資料表.CI004 = 客戶資料表.CUS001", "SELECT DISTINCT CUS001, TA006 FROM 客戶資料表 C JOIN 交易資料表 T ON C.CUS001 = T.CI004 WHERE AG006 > 50"], [], [], [], [], [], [], [], [], [], [], ["SELECT DISTINCT IT014, SUM(TA006) AS 總銷售額 \nFROM 交易資料表\nWHERE YEAR(TD002) = 2022\nGROUP BY IT014\nORDER BY 總銷售額 DESC\nFETCH FIRST 5 ROWS ONLY"], ["SELECT PN005, SUM(TA006) AS 總銷售額 FROM 交易資料表 WHERE YEAR(TD002) = 2022 AND IT014 = '基金' GROUP BY PN005 ORDER BY 總銷售額 DESC", "SELECT PN005, SUM(TA006) AS 總銷售額 FROM 交易資料表 WHERE YEAR(TD002) = 2022 AND IT014 = '基金' GROUP BY PN005 ORDER BY 總銷售額 DESC"], ["SELECT DISTINCT CUS001, TA006 FROM 客戶資料表 JOIN 交易資料表 ON 客戶資料表.CUS001 = 交易資料表.CI004 WHERE AG006 > 50", "SELECT PN005, SUM(TA006) AS 總銷售額 \nFROM 交易資料表\nWHERE TD002 BETWEEN '2022-01-01' AND '2022-12-31'\nAND IT014 = '基金'\nGROUP BY PN005\nORDER BY 總銷售額 DESC\nFETCH FIRST 5 ROWS ONLY", "SELECT DISTINCT CUS001, CN002, TA006 FROM 客戶資料表 INNER JOIN 交易資料表 ON 客戶資料表.CUS001 = 交易資料表.CI004 WHERE AG006 > 50"]], "db_history": [[], [], [], [["Oracle", "TestDB"], ["Oracle", "TestDB"], ["Oracle", "TestDB"]], [], [], [], [], [], [], [], [], [], [], [["Oracle", "TestDB"]], [["Oracle", "TestDB"], ["Oracle", "TestDB"]], [["Oracle", "TestDB"], ["Oracle", "TestDB"], ["Oracle", "TestDB"]]]}