Transaction_ID,Transaction_Date,Employee_ID,Employee_Name,Customer_ID,Customer_Name,Product_Name,Transaction_Amount
1,20220101,X2889,魏于嬋,J2985,胡正爾,富邦高成長基金,47147
2,20220102,B1436,吳光磊,U1092,王曉明,富邦全球投資等級債券,83869
3,20220102,B1436,吳光磊,J2985,胡正爾,富邦精準基金,49198
4,20220104,B1436,吳光磊,H2664,林丹雨,富邦長紅基金,8925
5,20220104,W1150,洪林歆,E2600,林銀霞,富邦吉祥貨幣市場基金,40210
6,20220105,K2546,賴芯菡,X1760,賴凰鳴,富邦大中華成長基金,26218
7,20220107,X2889,魏于嬋,E2600,林銀霞,富邦全球投資等級債券,49585
8,20220109,V1046,陳濮舒,A2401,顏平言,富邦長紅基金,23942
9,20220109,L2699,黃容旭,O1949,周塵文,富邦精準基金,27744
10,20220109,A1405,曾添瑩,A2401,顏平言,富邦高成長基金,6868
11,20220109,Y2145,魏宛禹,U1092,王曉明,富邦全球不動產基金,6284
12,20220109,L2699,黃容旭,H2664,林丹雨,富邦科技基金富邦台灣心基金,2755
13,20220111,W1150,洪林歆,Z2432,鄭慧飛,富邦大中華成長基金,38692
14,20220112,U2206,林昀琉,Y1718,鄒祺興,富邦大中華成長基金,29773
15,20220114,A1405,曾添瑩,G1787,詹剛勝,富邦精銳中小基金,50003
16,20220116,K2546,賴芯菡,Z2432,鄭慧飛,富邦吉祥貨幣市場基金,43829
17,20220117,Y2145,魏宛禹,G1787,詹剛勝,富邦全球投資等級債券,34495
18,20220117,V1046,陳濮舒,Z2432,鄭慧飛,富邦全球投資等級債券,70686
19,20220118,W1150,洪林歆,O1949,周塵文,富邦精銳中小基金,89983
20,20220120,B1436,吳光磊,I1055,張實豪,富邦全球不動產基金,36655
21,20220121,Y2145,魏宛禹,C2834,王亞鬆,富邦長紅基金,63010
22,20220122,A1405,曾添瑩,Y1718,鄒祺興,富邦科技基金富邦台灣心基金,6118
23,20220123,U2206,林昀琉,A2401,顏平言,富邦全球不動產基金,45389
24,20220123,V1046,陳濮舒,U2636,江可微,富邦精銳中小基金,41280
25,20220124,X2889,魏于嬋,C2526,王喧海,富邦長紅基金,52923
26,20220124,F2871,黎奕舒,B2099,洪安文,富邦全球不動產基金,28125
27,20220125,U2206,林昀琉,C2526,王喧海,富邦科技基金富邦台灣心基金,65685
28,20220125,Y2145,魏宛禹,E2600,林銀霞,富邦全球不動產基金,96755
29,20220126,V1046,陳濮舒,U1092,王曉明,富邦長紅基金,79534
30,20220127,Y2145,魏宛禹,O1949,周塵文,富邦吉祥貨幣市場基金,23901
31,20220128,F2871,黎奕舒,C2526,王喧海,富邦長紅基金,87736
32,20220129,X2889,魏于嬋,X1422,吳光理,富邦精銳中小基金,24789
33,20220129,K2546,賴芯菡,I1055,張實豪,富邦全球不動產基金,96845
34,20220131,X2889,魏于嬋,I1055,張實豪,富邦大中華成長基金,9485
35,20220131,Y2145,魏宛禹,U1092,王曉明,富邦全球投資等級債券,82461
36,20220201,Y2145,魏宛禹,X1760,賴凰鳴,富邦全球不動產基金,64109
37,20220201,Y2145,魏宛禹,U2636,江可微,富邦大中華成長基金,44270
38,20220202,X2889,魏于嬋,X1760,賴凰鳴,富邦全球不動產基金,38600
39,20220202,B1436,吳光磊,X1422,吳光理,富邦吉祥貨幣市場基金,46364
40,20220203,U2206,林昀琉,C2834,王亞鬆,富邦高成長基金,62308
41,20220203,L2699,黃容旭,D1287,田杉遠,富邦長紅基金,70599
42,20220204,F2871,黎奕舒,Y1718,鄒祺興,富邦精銳中小基金,68059
43,20220207,L2699,黃容旭,O2672,孫捷玟,富邦吉祥貨幣市場基金,84984
44,20220207,K2546,賴芯菡,U1092,王曉明,富邦長紅基金,88982
45,20220208,V1046,陳濮舒,U2636,江可微,富邦精銳中小基金,6844
46,20220209,B1436,吳光磊,Y1718,鄒祺興,富邦精準基金,99388
47,20220209,K2546,賴芯菡,C2834,王亞鬆,富邦長紅基金,19863
48,20220209,F2871,黎奕舒,H2664,林丹雨,富邦精銳中小基金,16640
49,20220210,F2871,黎奕舒,C2526,王喧海,富邦長紅基金,71269
50,20220210,Y2145,魏宛禹,H2664,林丹雨,富邦精銳中小基金,95663
51,20220210,U2206,林昀琉,G1787,詹剛勝,富邦精銳中小基金,16980
52,20220210,F2871,黎奕舒,A1849,王斯運,富邦全球不動產基金,89307
53,20220212,X2889,魏于嬋,C2526,王喧海,富邦精準基金,52401
54,20220213,L2699,黃容旭,X1760,賴凰鳴,富邦全球不動產基金,31553
55,20220213,K2546,賴芯菡,X1422,吳光理,富邦精銳中小基金,92182
56,20220214,Y2145,魏宛禹,B2099,洪安文,富邦科技基金富邦台灣心基金,37992
57,20220214,U2206,林昀琉,D1287,田杉遠,富邦精銳中小基金,19855
58,20220218,Y2145,魏宛禹,X1422,吳光理,富邦全球投資等級債券,72831
59,20220219,W1150,洪林歆,G1787,詹剛勝,富邦大中華成長基金,6225
60,20220219,Y2145,魏宛禹,B2099,洪安文,富邦大中華成長基金,21316
61,20220220,X2889,魏于嬋,A1849,王斯運,富邦長紅基金,96999
62,20220220,A1405,曾添瑩,O2672,孫捷玟,富邦全球不動產基金,92935
63,20220221,X2889,魏于嬋,O1949,周塵文,富邦精準基金,95780
64,20220222,B1436,吳光磊,A1849,王斯運,富邦全球投資等級債券,9849
65,20220224,K2546,賴芯菡,C2834,王亞鬆,富邦精銳中小基金,28165
66,20220225,Y2145,魏宛禹,C2526,王喧海,富邦精銳中小基金,33524
67,20220225,B1436,吳光磊,X1760,賴凰鳴,富邦科技基金富邦台灣心基金,24124
68,20220225,X2889,魏于嬋,C2834,王亞鬆,富邦全球投資等級債券,68807
69,20220227,K2546,賴芯菡,A2401,顏平言,富邦大中華成長基金,22502
70,20220301,L2699,黃容旭,O2672,孫捷玟,富邦長紅基金,52192
71,20220301,A1405,曾添瑩,X1760,賴凰鳴,富邦精銳中小基金,46365
72,20220302,K2546,賴芯菡,A2401,顏平言,富邦高成長基金,13744
73,20220303,L2699,黃容旭,D1287,田杉遠,富邦長紅基金,11994
74,20220304,A1405,曾添瑩,E2600,林銀霞,富邦大中華成長基金,44574
75,20220304,U2206,林昀琉,H2664,林丹雨,富邦精銳中小基金,75083
76,20220304,Y2145,魏宛禹,D1287,田杉遠,富邦全球投資等級債券,20009
77,20220306,F2871,黎奕舒,H2664,林丹雨,富邦精銳中小基金,29257
78,20220306,L2699,黃容旭,X1422,吳光理,富邦高成長基金,85853
79,20220306,V1046,陳濮舒,X1760,賴凰鳴,富邦全球不動產基金,89078
80,20220306,W1150,洪林歆,I1055,張實豪,富邦精準基金,18935
81,20220307,B1436,吳光磊,J2985,胡正爾,富邦全球投資等級債券,87495
82,20220307,A1405,曾添瑩,O2672,孫捷玟,富邦精準基金,38688
83,20220310,X2889,魏于嬋,D1287,田杉遠,富邦大中華成長基金,84400
84,20220310,B1436,吳光磊,Z2432,鄭慧飛,富邦高成長基金,48561
85,20220311,Y2145,魏宛禹,O2672,孫捷玟,富邦高成長基金,66796
86,20220312,F2871,黎奕舒,C2526,王喧海,富邦全球投資等級債券,95363
87,20220312,A1405,曾添瑩,G1787,詹剛勝,富邦科技基金富邦台灣心基金,41332
88,20220313,K2546,賴芯菡,O1949,周塵文,富邦精銳中小基金,74580
89,20220313,U2206,林昀琉,G1787,詹剛勝,富邦精銳中小基金,71921
90,20220313,W1150,洪林歆,Z2432,鄭慧飛,富邦吉祥貨幣市場基金,5619
91,20220314,K2546,賴芯菡,I1055,張實豪,富邦全球投資等級債券,35602
92,20220315,L2699,黃容旭,J2985,胡正爾,富邦精銳中小基金,66272
93,20220315,X2889,魏于嬋,U2636,江可微,富邦大中華成長基金,68042
94,20220316,X2889,魏于嬋,W2337,涂玉芸,富邦精準基金,94799
95,20220317,V1046,陳濮舒,E2600,林銀霞,富邦高成長基金,81315
96,20220319,V1046,陳濮舒,Z2432,鄭慧飛,富邦科技基金富邦台灣心基金,3874
97,20220319,B1436,吳光磊,U1092,王曉明,富邦大中華成長基金,10695
98,20220320,X2889,魏于嬋,Y1718,鄒祺興,富邦長紅基金,6010
99,20220322,K2546,賴芯菡,B2099,洪安文,富邦精準基金,27402
100,20220323,U2206,林昀琉,X1422,吳光理,富邦科技基金富邦台灣心基金,62474
101,20220324,U2206,林昀琉,X1422,吳光理,富邦吉祥貨幣市場基金,40838
102,20220325,B1436,吳光磊,E2600,林銀霞,富邦高成長基金,55776
103,20220325,Y2145,魏宛禹,A2401,顏平言,富邦長紅基金,60761
104,20220325,X2889,魏于嬋,U2636,江可微,富邦高成長基金,46743
105,20220326,B1436,吳光磊,B2099,洪安文,富邦精銳中小基金,13055
106,20220327,F2871,黎奕舒,Z2432,鄭慧飛,富邦高成長基金,98837
107,20220328,K2546,賴芯菡,E2600,林銀霞,富邦長紅基金,41849
108,20220328,K2546,賴芯菡,C2526,王喧海,富邦科技基金富邦台灣心基金,50555
109,20220328,W1150,洪林歆,B2099,洪安文,富邦精銳中小基金,44052
110,20220330,L2699,黃容旭,X1422,吳光理,富邦全球不動產基金,70059
111,20220330,K2546,賴芯菡,X1422,吳光理,富邦精銳中小基金,39194
112,20220330,V1046,陳濮舒,C2834,王亞鬆,富邦大中華成長基金,90304
113,20220330,B1436,吳光磊,G1787,詹剛勝,富邦長紅基金,96305
114,20220331,Y2145,魏宛禹,B2099,洪安文,富邦大中華成長基金,82652
115,20220401,L2699,黃容旭,J2985,胡正爾,富邦大中華成長基金,49297
116,20220402,L2699,黃容旭,O1949,周塵文,富邦精準基金,53249
117,20220402,F2871,黎奕舒,A2401,顏平言,富邦吉祥貨幣市場基金,74023
118,20220403,L2699,黃容旭,A2401,顏平言,富邦精準基金,89114
119,20220403,B1436,吳光磊,U1092,王曉明,富邦高成長基金,89993
120,20220403,L2699,黃容旭,U1092,王曉明,富邦精銳中小基金,81236
121,20220406,F2871,黎奕舒,U2636,江可微,富邦大中華成長基金,45827
122,20220406,A1405,曾添瑩,B2099,洪安文,富邦精準基金,93033
123,20220406,X2889,魏于嬋,Y1718,鄒祺興,富邦精銳中小基金,33957
124,20220407,L2699,黃容旭,A1849,王斯運,富邦精準基金,66878
125,20220408,L2699,黃容旭,I1055,張實豪,富邦精銳中小基金,72247
126,20220411,X2889,魏于嬋,G1787,詹剛勝,富邦精準基金,33038
127,20220411,A1405,曾添瑩,D1287,田杉遠,富邦吉祥貨幣市場基金,91641
128,20220412,B1436,吳光磊,A1849,王斯運,富邦高成長基金,93242
129,20220412,X2889,魏于嬋,A1849,王斯運,富邦精準基金,67492
130,20220413,X2889,魏于嬋,U2636,江可微,富邦精準基金,26676
131,20220414,U2206,林昀琉,U2636,江可微,富邦大中華成長基金,14372
132,20220416,A1405,曾添瑩,A1849,王斯運,富邦全球不動產基金,37903
133,20220416,K2546,賴芯菡,Y1718,鄒祺興,富邦吉祥貨幣市場基金,34166
134,20220419,V1046,陳濮舒,C2834,王亞鬆,富邦長紅基金,57811
135,20220420,A1405,曾添瑩,A2401,顏平言,富邦精銳中小基金,94312
136,20220422,X2889,魏于嬋,D1287,田杉遠,富邦精準基金,97400
137,20220423,V1046,陳濮舒,U2636,江可微,富邦全球不動產基金,80638
138,20220423,B1436,吳光磊,A1849,王斯運,富邦吉祥貨幣市場基金,12573
139,20220423,Y2145,魏宛禹,Y1718,鄒祺興,富邦吉祥貨幣市場基金,81006
140,20220424,L2699,黃容旭,O2672,孫捷玟,富邦高成長基金,23024
141,20220424,U2206,林昀琉,W2337,涂玉芸,富邦吉祥貨幣市場基金,30714
142,20220424,F2871,黎奕舒,A2401,顏平言,富邦吉祥貨幣市場基金,53347
143,20220425,L2699,黃容旭,U2636,江可微,富邦全球投資等級債券,20201
144,20220425,W1150,洪林歆,A1849,王斯運,富邦長紅基金,44990
145,20220425,W1150,洪林歆,H2664,林丹雨,富邦全球不動產基金,30086
146,20220426,A1405,曾添瑩,H2664,林丹雨,富邦吉祥貨幣市場基金,12294
147,20220426,B1436,吳光磊,B2099,洪安文,富邦吉祥貨幣市場基金,6609
148,20220426,F2871,黎奕舒,X1422,吳光理,富邦精準基金,47782
149,20220426,U2206,林昀琉,C2834,王亞鬆,富邦科技基金富邦台灣心基金,1096
150,20220426,Y2145,魏宛禹,X1422,吳光理,富邦精準基金,22613
151,20220427,L2699,黃容旭,O2672,孫捷玟,富邦高成長基金,85353
152,20220429,Y2145,魏宛禹,O2672,孫捷玟,富邦高成長基金,83530
153,20220430,F2871,黎奕舒,U2636,江可微,富邦精準基金,9891
154,20220430,X2889,魏于嬋,U1092,王曉明,富邦長紅基金,92526
155,20220430,K2546,賴芯菡,E2600,林銀霞,富邦精準基金,26584
156,20220430,W1150,洪林歆,X1760,賴凰鳴,富邦全球投資等級債券,87764
157,20220430,B1436,吳光磊,E2600,林銀霞,富邦高成長基金,52948
158,20220502,K2546,賴芯菡,X1422,吳光理,富邦大中華成長基金,89296
159,20220503,X2889,魏于嬋,B2099,洪安文,富邦全球投資等級債券,56267
160,20220503,V1046,陳濮舒,U2636,江可微,富邦精準基金,34603
161,20220504,B1436,吳光磊,H2664,林丹雨,富邦長紅基金,27830
162,20220504,U2206,林昀琉,I1055,張實豪,富邦全球不動產基金,76491
163,20220505,B1436,吳光磊,W2337,涂玉芸,富邦精銳中小基金,54439
164,20220506,L2699,黃容旭,A2401,顏平言,富邦長紅基金,77762
165,20220507,X2889,魏于嬋,Z2432,鄭慧飛,富邦全球投資等級債券,76551
166,20220508,F2871,黎奕舒,C2834,王亞鬆,富邦精準基金,39714
167,20220509,K2546,賴芯菡,X1760,賴凰鳴,富邦長紅基金,4608
168,20220510,B1436,吳光磊,B2099,洪安文,富邦科技基金富邦台灣心基金,57801
169,20220512,A1405,曾添瑩,O1949,周塵文,富邦精銳中小基金,47415
170,20220513,V1046,陳濮舒,C2834,王亞鬆,富邦高成長基金,11310
171,20220513,V1046,陳濮舒,J2985,胡正爾,富邦精準基金,49892
172,20220513,V1046,陳濮舒,B2099,洪安文,富邦長紅基金,84679
173,20220513,K2546,賴芯菡,U2636,江可微,富邦吉祥貨幣市場基金,37651
174,20220513,B1436,吳光磊,U1092,王曉明,富邦大中華成長基金,65237
175,20220515,U2206,林昀琉,E2600,林銀霞,富邦吉祥貨幣市場基金,39227
176,20220515,F2871,黎奕舒,U2636,江可微,富邦精銳中小基金,47530
177,20220515,Y2145,魏宛禹,J2985,胡正爾,富邦高成長基金,41157
178,20220515,B1436,吳光磊,B2099,洪安文,富邦全球不動產基金,7194
179,20220516,U2206,林昀琉,C2526,王喧海,富邦吉祥貨幣市場基金,99023
180,20220516,Y2145,魏宛禹,E2600,林銀霞,富邦吉祥貨幣市場基金,27094
181,20220517,X2889,魏于嬋,O1949,周塵文,富邦科技基金富邦台灣心基金,98660
182,20220519,F2871,黎奕舒,G1787,詹剛勝,富邦精銳中小基金,74392
183,20220520,L2699,黃容旭,O2672,孫捷玟,富邦全球不動產基金,23316
184,20220520,L2699,黃容旭,U1092,王曉明,富邦精準基金,9432
185,20220521,L2699,黃容旭,D1287,田杉遠,富邦大中華成長基金,67620
186,20220523,X2889,魏于嬋,C2526,王喧海,富邦大中華成長基金,48420
187,20220524,F2871,黎奕舒,Y1718,鄒祺興,富邦長紅基金,47736
188,20220524,K2546,賴芯菡,I1055,張實豪,富邦科技基金富邦台灣心基金,79445
189,20220525,F2871,黎奕舒,D1287,田杉遠,富邦長紅基金,87257
190,20220526,A1405,曾添瑩,W2337,涂玉芸,富邦高成長基金,94971
191,20220526,V1046,陳濮舒,W2337,涂玉芸,富邦精準基金,55362
192,20220526,X2889,魏于嬋,D1287,田杉遠,富邦科技基金富邦台灣心基金,15659
193,20220527,X2889,魏于嬋,J2985,胡正爾,富邦高成長基金,4270
194,20220528,X2889,魏于嬋,X1422,吳光理,富邦科技基金富邦台灣心基金,81143
195,20220528,V1046,陳濮舒,X1760,賴凰鳴,富邦精準基金,36057
196,20220528,L2699,黃容旭,W2337,涂玉芸,富邦全球投資等級債券,49949
197,20220529,B1436,吳光磊,Z2432,鄭慧飛,富邦高成長基金,24343
198,20220529,K2546,賴芯菡,C2834,王亞鬆,富邦長紅基金,16679
199,20220529,A1405,曾添瑩,U2636,江可微,富邦精準基金,44012
200,20220529,U2206,林昀琉,W2337,涂玉芸,富邦大中華成長基金,31914
201,20220531,Y2145,魏宛禹,X1422,吳光理,富邦精銳中小基金,93296
202,20220531,V1046,陳濮舒,C2526,王喧海,富邦全球不動產基金,23480
203,20220602,W1150,洪林歆,Y1718,鄒祺興,富邦長紅基金,66514
204,20220602,L2699,黃容旭,O1949,周塵文,富邦長紅基金,33856
205,20220602,X2889,魏于嬋,J2985,胡正爾,富邦精銳中小基金,45664
206,20220603,L2699,黃容旭,I1055,張實豪,富邦全球投資等級債券,73194
207,20220605,F2871,黎奕舒,Y1718,鄒祺興,富邦大中華成長基金,42906
208,20220607,W1150,洪林歆,W2337,涂玉芸,富邦全球投資等級債券,41047
209,20220608,L2699,黃容旭,I1055,張實豪,富邦科技基金富邦台灣心基金,24551
210,20220609,U2206,林昀琉,Y1718,鄒祺興,富邦全球投資等級債券,63111
211,20220609,V1046,陳濮舒,H2664,林丹雨,富邦吉祥貨幣市場基金,52273
212,20220610,L2699,黃容旭,U2636,江可微,富邦精銳中小基金,91552
213,20220611,U2206,林昀琉,G1787,詹剛勝,富邦吉祥貨幣市場基金,2694
214,20220611,V1046,陳濮舒,H2664,林丹雨,富邦精準基金,19785
215,20220612,V1046,陳濮舒,Z2432,鄭慧飛,富邦精準基金,69412
216,20220613,B1436,吳光磊,C2834,王亞鬆,富邦大中華成長基金,95407
217,20220613,F2871,黎奕舒,W2337,涂玉芸,富邦高成長基金,99785
218,20220613,W1150,洪林歆,C2834,王亞鬆,富邦長紅基金,36281
219,20220614,V1046,陳濮舒,X1422,吳光理,富邦大中華成長基金,97117
220,20220615,X2889,魏于嬋,C2526,王喧海,富邦長紅基金,54130
221,20220615,X2889,魏于嬋,X1760,賴凰鳴,富邦精銳中小基金,39403
222,20220615,W1150,洪林歆,E2600,林銀霞,富邦精準基金,96475
223,20220616,B1436,吳光磊,X1422,吳光理,富邦精準基金,5904
224,20220616,A1405,曾添瑩,U1092,王曉明,富邦精準基金,80608
225,20220616,Y2145,魏宛禹,O1949,周塵文,富邦精準基金,97173
226,20220617,X2889,魏于嬋,W2337,涂玉芸,富邦全球不動產基金,19530
227,20220617,B1436,吳光磊,J2985,胡正爾,富邦精準基金,48407
228,20220618,X2889,魏于嬋,U1092,王曉明,富邦全球不動產基金,90696
229,20220619,X2889,魏于嬋,I1055,張實豪,富邦全球投資等級債券,23306
230,20220620,L2699,黃容旭,W2337,涂玉芸,富邦吉祥貨幣市場基金,89862
231,20220620,K2546,賴芯菡,O2672,孫捷玟,富邦精準基金,22035
232,20220620,Y2145,魏宛禹,C2526,王喧海,富邦全球投資等級債券,57853
233,20220621,X2889,魏于嬋,H2664,林丹雨,富邦長紅基金,65157
234,20220621,L2699,黃容旭,O1949,周塵文,富邦精準基金,46323
235,20220622,W1150,洪林歆,I1055,張實豪,富邦長紅基金,44050
236,20220624,V1046,陳濮舒,C2834,王亞鬆,富邦全球投資等級債券,62330
237,20220624,V1046,陳濮舒,C2526,王喧海,富邦科技基金富邦台灣心基金,12089
238,20220625,Y2145,魏宛禹,I1055,張實豪,富邦高成長基金,85151
239,20220626,X2889,魏于嬋,X1760,賴凰鳴,富邦精銳中小基金,69346
240,20220626,V1046,陳濮舒,W2337,涂玉芸,富邦大中華成長基金,93279
241,20220627,K2546,賴芯菡,E2600,林銀霞,富邦全球投資等級債券,66698
242,20220627,V1046,陳濮舒,O1949,周塵文,富邦大中華成長基金,1765
243,20220628,X2889,魏于嬋,D1287,田杉遠,富邦精準基金,87433
244,20220628,K2546,賴芯菡,O1949,周塵文,富邦全球不動產基金,21310
245,20220628,K2546,賴芯菡,X1422,吳光理,富邦全球不動產基金,40541
246,20220629,U2206,林昀琉,E2600,林銀霞,富邦精準基金,98619
247,20220629,B1436,吳光磊,W2337,涂玉芸,富邦全球投資等級債券,43548
248,20220629,B1436,吳光磊,O1949,周塵文,富邦長紅基金,72737
249,20220701,V1046,陳濮舒,C2526,王喧海,富邦科技基金富邦台灣心基金,80987
250,20220701,B1436,吳光磊,G1787,詹剛勝,富邦長紅基金,84834
251,20220702,A1405,曾添瑩,E2600,林銀霞,富邦精銳中小基金,31166
252,20220703,A1405,曾添瑩,X1422,吳光理,富邦精準基金,25397
253,20220704,B1436,吳光磊,C2834,王亞鬆,富邦科技基金富邦台灣心基金,2504
254,20220704,W1150,洪林歆,C2526,王喧海,富邦全球不動產基金,80067
255,20220705,W1150,洪林歆,A1849,王斯運,富邦吉祥貨幣市場基金,90452
256,20220705,B1436,吳光磊,U1092,王曉明,富邦精準基金,20061
257,20220706,K2546,賴芯菡,W2337,涂玉芸,富邦高成長基金,32159
258,20220706,V1046,陳濮舒,O2672,孫捷玟,富邦吉祥貨幣市場基金,95475
259,20220706,Y2145,魏宛禹,A2401,顏平言,富邦精銳中小基金,83444
260,20220706,X2889,魏于嬋,D1287,田杉遠,富邦精銳中小基金,43518
261,20220707,X2889,魏于嬋,C2526,王喧海,富邦吉祥貨幣市場基金,11165
262,20220707,A1405,曾添瑩,A1849,王斯運,富邦全球投資等級債券,16284
263,20220707,Y2145,魏宛禹,D1287,田杉遠,富邦精準基金,21322
264,20220708,U2206,林昀琉,U1092,王曉明,富邦高成長基金,30570
265,20220708,V1046,陳濮舒,O2672,孫捷玟,富邦吉祥貨幣市場基金,60643
266,20220710,X2889,魏于嬋,H2664,林丹雨,富邦科技基金富邦台灣心基金,30558
267,20220710,A1405,曾添瑩,E2600,林銀霞,富邦吉祥貨幣市場基金,84501
268,20220711,L2699,黃容旭,Z2432,鄭慧飛,富邦全球不動產基金,43715
269,20220712,A1405,曾添瑩,X1422,吳光理,富邦吉祥貨幣市場基金,8237
270,20220712,L2699,黃容旭,D1287,田杉遠,富邦精準基金,55655
271,20220713,U2206,林昀琉,Y1718,鄒祺興,富邦大中華成長基金,78171
272,20220713,X2889,魏于嬋,H2664,林丹雨,富邦高成長基金,35422
273,20220713,A1405,曾添瑩,J2985,胡正爾,富邦吉祥貨幣市場基金,13916
274,20220714,U2206,林昀琉,Y1718,鄒祺興,富邦精準基金,74149
275,20220714,F2871,黎奕舒,D1287,田杉遠,富邦吉祥貨幣市場基金,63524
276,20220716,K2546,賴芯菡,O1949,周塵文,富邦高成長基金,38193
277,20220718,W1150,洪林歆,B2099,洪安文,富邦長紅基金,7023
278,20220719,A1405,曾添瑩,D1287,田杉遠,富邦精銳中小基金,16923
279,20220720,A1405,曾添瑩,X1422,吳光理,富邦大中華成長基金,69594
280,20220720,K2546,賴芯菡,Y1718,鄒祺興,富邦全球不動產基金,83075
281,20220721,B1436,吳光磊,U1092,王曉明,富邦全球不動產基金,6388
282,20220722,X2889,魏于嬋,O1949,周塵文,富邦長紅基金,61008
283,20220723,V1046,陳濮舒,X1760,賴凰鳴,富邦精銳中小基金,15145
284,20220723,F2871,黎奕舒,H2664,林丹雨,富邦高成長基金,43650
285,20220723,B1436,吳光磊,J2985,胡正爾,富邦科技基金富邦台灣心基金,97273
286,20220723,B1436,吳光磊,C2834,王亞鬆,富邦精準基金,52617
287,20220724,U2206,林昀琉,G1787,詹剛勝,富邦長紅基金,87899
288,20220725,B1436,吳光磊,A1849,王斯運,富邦高成長基金,18131
289,20220725,K2546,賴芯菡,I1055,張實豪,富邦大中華成長基金,92276
290,20220726,V1046,陳濮舒,X1760,賴凰鳴,富邦高成長基金,34514
291,20220728,A1405,曾添瑩,J2985,胡正爾,富邦長紅基金,38517
292,20220728,K2546,賴芯菡,E2600,林銀霞,富邦長紅基金,41912
293,20220730,Y2145,魏宛禹,O1949,周塵文,富邦科技基金富邦台灣心基金,85410
294,20220730,Y2145,魏宛禹,B2099,洪安文,富邦長紅基金,21287
295,20220801,A1405,曾添瑩,O2672,孫捷玟,富邦高成長基金,91359
296,20220802,Y2145,魏宛禹,Y1718,鄒祺興,富邦精準基金,65426
297,20220803,W1150,洪林歆,U1092,王曉明,富邦科技基金富邦台灣心基金,99615
298,20220803,B1436,吳光磊,U1092,王曉明,富邦全球投資等級債券,50321
299,20220803,X2889,魏于嬋,X1760,賴凰鳴,富邦大中華成長基金,72564
300,20220803,L2699,黃容旭,J2985,胡正爾,富邦全球投資等級債券,22971
301,20220804,X2889,魏于嬋,C2834,王亞鬆,富邦高成長基金,53405
302,20220804,V1046,陳濮舒,C2526,王喧海,富邦大中華成長基金,52523
303,20220806,U2206,林昀琉,A2401,顏平言,富邦精銳中小基金,43400
304,20220807,L2699,黃容旭,O2672,孫捷玟,富邦全球不動產基金,94650
305,20220807,A1405,曾添瑩,U1092,王曉明,富邦吉祥貨幣市場基金,96340
306,20220808,A1405,曾添瑩,C2526,王喧海,富邦精準基金,48011
307,20220808,F2871,黎奕舒,G1787,詹剛勝,富邦精銳中小基金,69258
308,20220809,L2699,黃容旭,U1092,王曉明,富邦科技基金富邦台灣心基金,17005
309,20220809,F2871,黎奕舒,C2526,王喧海,富邦全球不動產基金,17612
310,20220810,V1046,陳濮舒,C2526,王喧海,富邦精準基金,72173
311,20220810,B1436,吳光磊,E2600,林銀霞,富邦全球不動產基金,65409
312,20220810,A1405,曾添瑩,A1849,王斯運,富邦長紅基金,91815
313,20220811,F2871,黎奕舒,X1422,吳光理,富邦大中華成長基金,89875
314,20220812,F2871,黎奕舒,O1949,周塵文,富邦精準基金,4570
315,20220812,X2889,魏于嬋,X1422,吳光理,富邦長紅基金,94765
316,20220812,F2871,黎奕舒,D1287,田杉遠,富邦吉祥貨幣市場基金,85801
317,20220814,F2871,黎奕舒,Y1718,鄒祺興,富邦精銳中小基金,34594
318,20220815,Y2145,魏宛禹,C2526,王喧海,富邦長紅基金,39962
319,20220816,W1150,洪林歆,E2600,林銀霞,富邦吉祥貨幣市場基金,59234
320,20220817,W1150,洪林歆,X1760,賴凰鳴,富邦全球投資等級債券,76675
321,20220817,U2206,林昀琉,O1949,周塵文,富邦吉祥貨幣市場基金,3559
322,20220818,U2206,林昀琉,E2600,林銀霞,富邦全球投資等級債券,78989
323,20220819,B1436,吳光磊,O1949,周塵文,富邦精準基金,73978
324,20220820,L2699,黃容旭,C2834,王亞鬆,富邦精準基金,13124
325,20220820,Y2145,魏宛禹,B2099,洪安文,富邦全球投資等級債券,58895
326,20220820,Y2145,魏宛禹,C2526,王喧海,富邦高成長基金,18256
327,20220822,Y2145,魏宛禹,W2337,涂玉芸,富邦全球投資等級債券,36891
328,20220822,L2699,黃容旭,D1287,田杉遠,富邦高成長基金,9973
329,20220823,K2546,賴芯菡,Y1718,鄒祺興,富邦長紅基金,53279
330,20220823,K2546,賴芯菡,G1787,詹剛勝,富邦吉祥貨幣市場基金,35910
331,20220825,F2871,黎奕舒,G1787,詹剛勝,富邦精銳中小基金,67992
332,20220825,W1150,洪林歆,Z2432,鄭慧飛,富邦全球不動產基金,48320
333,20220825,A1405,曾添瑩,J2985,胡正爾,富邦高成長基金,27176
334,20220827,L2699,黃容旭,O1949,周塵文,富邦精銳中小基金,15792
335,20220827,X2889,魏于嬋,U2636,江可微,富邦長紅基金,88066
336,20220828,A1405,曾添瑩,O2672,孫捷玟,富邦全球不動產基金,53842
337,20220829,L2699,黃容旭,C2526,王喧海,富邦長紅基金,51646
338,20220830,K2546,賴芯菡,C2526,王喧海,富邦全球不動產基金,43041
339,20220830,K2546,賴芯菡,A2401,顏平言,富邦長紅基金,71199
340,20220830,F2871,黎奕舒,Y1718,鄒祺興,富邦全球投資等級債券,75772
341,20220831,B1436,吳光磊,C2834,王亞鬆,富邦精銳中小基金,3464
342,20220831,Y2145,魏宛禹,A1849,王斯運,富邦精銳中小基金,18655
343,20220831,F2871,黎奕舒,D1287,田杉遠,富邦全球投資等級債券,49797
344,20220831,V1046,陳濮舒,O1949,周塵文,富邦吉祥貨幣市場基金,47874
345,20220901,A1405,曾添瑩,B2099,洪安文,富邦吉祥貨幣市場基金,99690
346,20220901,F2871,黎奕舒,U1092,王曉明,富邦長紅基金,17443
347,20220902,W1150,洪林歆,Z2432,鄭慧飛,富邦精銳中小基金,4775
348,20220902,L2699,黃容旭,A2401,顏平言,富邦吉祥貨幣市場基金,18075
349,20220903,U2206,林昀琉,A2401,顏平言,富邦吉祥貨幣市場基金,86637
350,20220903,B1436,吳光磊,O1949,周塵文,富邦精銳中小基金,54048
351,20220904,A1405,曾添瑩,C2526,王喧海,富邦全球投資等級債券,61597
352,20220904,K2546,賴芯菡,J2985,胡正爾,富邦精銳中小基金,77691
353,20220905,Y2145,魏宛禹,X1760,賴凰鳴,富邦吉祥貨幣市場基金,67697
354,20220905,L2699,黃容旭,J2985,胡正爾,富邦長紅基金,94604
355,20220906,U2206,林昀琉,E2600,林銀霞,富邦精準基金,19137
356,20220907,X2889,魏于嬋,U1092,王曉明,富邦吉祥貨幣市場基金,84517
357,20220907,A1405,曾添瑩,Z2432,鄭慧飛,富邦高成長基金,55376
358,20220908,Y2145,魏宛禹,J2985,胡正爾,富邦高成長基金,25661
359,20220909,F2871,黎奕舒,X1760,賴凰鳴,富邦大中華成長基金,39646
360,20220912,V1046,陳濮舒,X1422,吳光理,富邦長紅基金,77486
361,20220913,B1436,吳光磊,Z2432,鄭慧飛,富邦大中華成長基金,5138
362,20220915,U2206,林昀琉,B2099,洪安文,富邦吉祥貨幣市場基金,17480
363,20220915,X2889,魏于嬋,D1287,田杉遠,富邦全球不動產基金,80792
364,20220916,K2546,賴芯菡,D1287,田杉遠,富邦全球不動產基金,50213
365,20220918,L2699,黃容旭,E2600,林銀霞,富邦吉祥貨幣市場基金,62680
366,20220918,X2889,魏于嬋,O2672,孫捷玟,富邦精準基金,35286
367,20220918,K2546,賴芯菡,D1287,田杉遠,富邦全球投資等級債券,53722
368,20220919,B1436,吳光磊,Z2432,鄭慧飛,富邦長紅基金,63653
369,20220919,W1150,洪林歆,X1760,賴凰鳴,富邦高成長基金,41835
370,20220920,Y2145,魏宛禹,D1287,田杉遠,富邦吉祥貨幣市場基金,32200
371,20220921,V1046,陳濮舒,A2401,顏平言,富邦科技基金富邦台灣心基金,87786
372,20220921,X2889,魏于嬋,X1422,吳光理,富邦精準基金,14227
373,20220923,U2206,林昀琉,A2401,顏平言,富邦全球投資等級債券,27888
374,20220923,V1046,陳濮舒,H2664,林丹雨,富邦大中華成長基金,23689
375,20220924,A1405,曾添瑩,O2672,孫捷玟,富邦全球不動產基金,85623
376,20220924,W1150,洪林歆,B2099,洪安文,富邦全球不動產基金,5538
377,20220924,B1436,吳光磊,H2664,林丹雨,富邦全球投資等級債券,96150
378,20220924,L2699,黃容旭,G1787,詹剛勝,富邦精銳中小基金,86351
379,20220925,K2546,賴芯菡,H2664,林丹雨,富邦精準基金,43466
380,20220925,F2871,黎奕舒,U1092,王曉明,富邦全球投資等級債券,81456
381,20220926,A1405,曾添瑩,H2664,林丹雨,富邦高成長基金,72907
382,20220929,U2206,林昀琉,A2401,顏平言,富邦長紅基金,97983
383,20220929,W1150,洪林歆,J2985,胡正爾,富邦全球不動產基金,7149
384,20220930,B1436,吳光磊,X1760,賴凰鳴,富邦長紅基金,12749
385,20220930,U2206,林昀琉,H2664,林丹雨,富邦全球不動產基金,61288
386,20221002,B1436,吳光磊,U1092,王曉明,富邦大中華成長基金,54592
387,20221004,Y2145,魏宛禹,J2985,胡正爾,富邦全球不動產基金,69667
388,20221005,X2889,魏于嬋,D1287,田杉遠,富邦長紅基金,83813
389,20221007,L2699,黃容旭,C2526,王喧海,富邦全球不動產基金,6079
390,20221009,A1405,曾添瑩,O1949,周塵文,富邦吉祥貨幣市場基金,90396
391,20221009,K2546,賴芯菡,W2337,涂玉芸,富邦精準基金,43102
392,20221009,X2889,魏于嬋,U2636,江可微,富邦全球投資等級債券,59141
393,20221010,A1405,曾添瑩,I1055,張實豪,富邦大中華成長基金,85726
394,20221010,L2699,黃容旭,H2664,林丹雨,富邦高成長基金,34990
395,20221011,X2889,魏于嬋,I1055,張實豪,富邦吉祥貨幣市場基金,89890
396,20221012,F2871,黎奕舒,C2834,王亞鬆,富邦全球不動產基金,86927
397,20221012,L2699,黃容旭,E2600,林銀霞,富邦全球投資等級債券,89149
398,20221013,V1046,陳濮舒,J2985,胡正爾,富邦精準基金,9514
399,20221013,F2871,黎奕舒,I1055,張實豪,富邦精準基金,46777
400,20221014,L2699,黃容旭,U1092,王曉明,富邦精準基金,20272
401,20221015,L2699,黃容旭,W2337,涂玉芸,富邦精銳中小基金,91221
402,20221015,U2206,林昀琉,W2337,涂玉芸,富邦全球不動產基金,41047
403,20221017,U2206,林昀琉,B2099,洪安文,富邦科技基金富邦台灣心基金,21844
404,20221017,B1436,吳光磊,U2636,江可微,富邦大中華成長基金,94722
405,20221017,U2206,林昀琉,U1092,王曉明,富邦全球不動產基金,10489
406,20221018,V1046,陳濮舒,B2099,洪安文,富邦精準基金,64880
407,20221019,X2889,魏于嬋,I1055,張實豪,富邦全球投資等級債券,63900
408,20221020,L2699,黃容旭,J2985,胡正爾,富邦精銳中小基金,59921
409,20221020,B1436,吳光磊,J2985,胡正爾,富邦長紅基金,69033
410,20221020,K2546,賴芯菡,X1760,賴凰鳴,富邦大中華成長基金,34299
411,20221021,X2889,魏于嬋,G1787,詹剛勝,富邦全球不動產基金,95379
412,20221022,Y2145,魏宛禹,X1760,賴凰鳴,富邦長紅基金,58061
413,20221022,B1436,吳光磊,O1949,周塵文,富邦精銳中小基金,97651
414,20221022,U2206,林昀琉,Z2432,鄭慧飛,富邦科技基金富邦台灣心基金,18133
415,20221023,K2546,賴芯菡,B2099,洪安文,富邦精準基金,27830
416,20221024,V1046,陳濮舒,C2834,王亞鬆,富邦精準基金,95573
417,20221024,U2206,林昀琉,X1422,吳光理,富邦科技基金富邦台灣心基金,42452
418,20221024,W1150,洪林歆,B2099,洪安文,富邦吉祥貨幣市場基金,28243
419,20221026,W1150,洪林歆,O2672,孫捷玟,富邦精銳中小基金,76437
420,20221027,V1046,陳濮舒,C2526,王喧海,富邦全球不動產基金,54215
421,20221027,L2699,黃容旭,A2401,顏平言,富邦全球投資等級債券,95905
422,20221028,U2206,林昀琉,Z2432,鄭慧飛,富邦全球投資等級債券,36055
423,20221028,Y2145,魏宛禹,D1287,田杉遠,富邦吉祥貨幣市場基金,20149
424,20221029,V1046,陳濮舒,Y1718,鄒祺興,富邦精準基金,74511
425,20221030,V1046,陳濮舒,O1949,周塵文,富邦長紅基金,23088
426,20221030,X2889,魏于嬋,B2099,洪安文,富邦吉祥貨幣市場基金,98990
427,20221102,L2699,黃容旭,I1055,張實豪,富邦高成長基金,20365
428,20221102,F2871,黎奕舒,A2401,顏平言,富邦精銳中小基金,64172
429,20221102,W1150,洪林歆,X1760,賴凰鳴,富邦科技基金富邦台灣心基金,72771
430,20221102,F2871,黎奕舒,D1287,田杉遠,富邦全球不動產基金,27648
431,20221102,L2699,黃容旭,W2337,涂玉芸,富邦高成長基金,17440
432,20221103,Y2145,魏宛禹,D1287,田杉遠,富邦吉祥貨幣市場基金,68491
433,20221103,U2206,林昀琉,U1092,王曉明,富邦科技基金富邦台灣心基金,26452
434,20221104,U2206,林昀琉,C2526,王喧海,富邦高成長基金,99173
435,20221104,K2546,賴芯菡,X1422,吳光理,富邦全球不動產基金,97188
436,20221104,L2699,黃容旭,X1422,吳光理,富邦大中華成長基金,51479
437,20221104,V1046,陳濮舒,Y1718,鄒祺興,富邦大中華成長基金,59895
438,20221105,Y2145,魏宛禹,O2672,孫捷玟,富邦大中華成長基金,48292
439,20221105,K2546,賴芯菡,X1422,吳光理,富邦長紅基金,1191
440,20221106,L2699,黃容旭,D1287,田杉遠,富邦全球投資等級債券,66586
441,20221107,L2699,黃容旭,E2600,林銀霞,富邦精準基金,62162
442,20221108,L2699,黃容旭,U1092,王曉明,富邦高成長基金,6982
443,20221108,L2699,黃容旭,C2834,王亞鬆,富邦大中華成長基金,94686
444,20221109,U2206,林昀琉,O1949,周塵文,富邦長紅基金,17253
445,20221110,A1405,曾添瑩,J2985,胡正爾,富邦長紅基金,29392
446,20221110,L2699,黃容旭,U1092,王曉明,富邦長紅基金,44273
447,20221113,A1405,曾添瑩,X1760,賴凰鳴,富邦長紅基金,14397
448,20221115,W1150,洪林歆,U1092,王曉明,富邦高成長基金,50583
449,20221115,V1046,陳濮舒,U2636,江可微,富邦大中華成長基金,11910
450,20221116,W1150,洪林歆,U2636,江可微,富邦科技基金富邦台灣心基金,71151
451,20221116,B1436,吳光磊,J2985,胡正爾,富邦大中華成長基金,20243
452,20221117,K2546,賴芯菡,U2636,江可微,富邦精銳中小基金,94710
453,20221117,X2889,魏于嬋,X1760,賴凰鳴,富邦全球不動產基金,45464
454,20221118,B1436,吳光磊,B2099,洪安文,富邦高成長基金,92957
455,20221118,X2889,魏于嬋,Z2432,鄭慧飛,富邦吉祥貨幣市場基金,51327
456,20221124,K2546,賴芯菡,C2526,王喧海,富邦科技基金富邦台灣心基金,76502
457,20221124,X2889,魏于嬋,X1422,吳光理,富邦吉祥貨幣市場基金,36065
458,20221124,V1046,陳濮舒,D1287,田杉遠,富邦全球投資等級債券,24148
459,20221128,F2871,黎奕舒,W2337,涂玉芸,富邦長紅基金,42527
460,20221128,X2889,魏于嬋,D1287,田杉遠,富邦高成長基金,77469
461,20221128,F2871,黎奕舒,H2664,林丹雨,富邦全球投資等級債券,53176
462,20221129,L2699,黃容旭,X1422,吳光理,富邦全球投資等級債券,92508
463,20221129,X2889,魏于嬋,G1787,詹剛勝,富邦精準基金,43863
464,20221201,L2699,黃容旭,U1092,王曉明,富邦精銳中小基金,10099
465,20221201,L2699,黃容旭,E2600,林銀霞,富邦吉祥貨幣市場基金,70890
466,20221203,B1436,吳光磊,I1055,張實豪,富邦長紅基金,29797
467,20221206,W1150,洪林歆,D1287,田杉遠,富邦精準基金,32193
468,20221206,K2546,賴芯菡,U1092,王曉明,富邦長紅基金,2426
469,20221206,X2889,魏于嬋,G1787,詹剛勝,富邦全球投資等級債券,23750
470,20221207,U2206,林昀琉,U2636,江可微,富邦全球不動產基金,3902
471,20221208,X2889,魏于嬋,Z2432,鄭慧飛,富邦大中華成長基金,20878
472,20221208,Y2145,魏宛禹,C2526,王喧海,富邦吉祥貨幣市場基金,69099
473,20221208,X2889,魏于嬋,J2985,胡正爾,富邦吉祥貨幣市場基金,26523
474,20221209,K2546,賴芯菡,D1287,田杉遠,富邦高成長基金,22939
475,20221210,W1150,洪林歆,W2337,涂玉芸,富邦科技基金富邦台灣心基金,33750
476,20221210,K2546,賴芯菡,O2672,孫捷玟,富邦精銳中小基金,51621
477,20221211,V1046,陳濮舒,Y1718,鄒祺興,富邦吉祥貨幣市場基金,47427
478,20221211,B1436,吳光磊,A1849,王斯運,富邦吉祥貨幣市場基金,26326
479,20221212,X2889,魏于嬋,A2401,顏平言,富邦長紅基金,49518
480,20221213,K2546,賴芯菡,U2636,江可微,富邦吉祥貨幣市場基金,66149
481,20221213,L2699,黃容旭,Z2432,鄭慧飛,富邦高成長基金,74467
482,20221214,K2546,賴芯菡,U2636,江可微,富邦全球不動產基金,30654
483,20221216,A1405,曾添瑩,C2526,王喧海,富邦長紅基金,47856
484,20221218,U2206,林昀琉,D1287,田杉遠,富邦精銳中小基金,94849
485,20221220,F2871,黎奕舒,H2664,林丹雨,富邦大中華成長基金,19800
486,20221220,U2206,林昀琉,E2600,林銀霞,富邦精銳中小基金,62698
487,20221222,W1150,洪林歆,C2526,王喧海,富邦大中華成長基金,25390
488,20221223,V1046,陳濮舒,W2337,涂玉芸,富邦科技基金富邦台灣心基金,21913
489,20221223,U2206,林昀琉,J2985,胡正爾,富邦精銳中小基金,92967
490,20221223,A1405,曾添瑩,C2526,王喧海,富邦科技基金富邦台灣心基金,87587
491,20221223,W1150,洪林歆,X1760,賴凰鳴,富邦吉祥貨幣市場基金,3579
492,20221224,B1436,吳光磊,Y1718,鄒祺興,富邦吉祥貨幣市場基金,43084
493,20221225,F2871,黎奕舒,O2672,孫捷玟,富邦大中華成長基金,44854
494,20221226,F2871,黎奕舒,C2526,王喧海,富邦全球不動產基金,79804
495,20221226,K2546,賴芯菡,C2526,王喧海,富邦吉祥貨幣市場基金,71044
496,20221227,U2206,林昀琉,I1055,張實豪,富邦科技基金富邦台灣心基金,27817
497,20221228,K2546,賴芯菡,U2636,江可微,富邦全球不動產基金,61644
498,20221229,B1436,吳光磊,C2526,王喧海,富邦全球投資等級債券,55172
499,20221230,Y2145,魏宛禹,O2672,孫捷玟,富邦高成長基金,29716
500,20230101,L2699,黃容旭,U1092,王曉明,富邦科技基金富邦台灣心基金,95301
501,20230101,F2871,黎奕舒,X1760,賴凰鳴,富邦大中華成長基金,30209
502,20230102,Y2145,魏宛禹,X1760,賴凰鳴,富邦大中華成長基金,17197
503,20230103,K2546,賴芯菡,U2636,江可微,富邦大中華成長基金,89534
504,20230105,A1405,曾添瑩,X1760,賴凰鳴,富邦大中華成長基金,40572
505,20230106,W1150,洪林歆,Y1718,鄒祺興,富邦長紅基金,64927
506,20230106,W1150,洪林歆,X1422,吳光理,富邦科技基金富邦台灣心基金,62933
507,20230108,W1150,洪林歆,W2337,涂玉芸,富邦高成長基金,79946
508,20230108,V1046,陳濮舒,C2834,王亞鬆,富邦精銳中小基金,95148
509,20230109,F2871,黎奕舒,X1760,賴凰鳴,富邦精銳中小基金,65680
510,20230109,Y2145,魏宛禹,O2672,孫捷玟,富邦精銳中小基金,7929
511,20230109,U2206,林昀琉,A1849,王斯運,富邦全球投資等級債券,75446
512,20230109,F2871,黎奕舒,O2672,孫捷玟,富邦精準基金,86534
513,20230111,A1405,曾添瑩,A1849,王斯運,富邦大中華成長基金,50816
514,20230112,U2206,林昀琉,J2985,胡正爾,富邦吉祥貨幣市場基金,76681
515,20230112,X2889,魏于嬋,X1760,賴凰鳴,富邦科技基金富邦台灣心基金,33146
516,20230113,A1405,曾添瑩,G1787,詹剛勝,富邦精準基金,26280
517,20230116,F2871,黎奕舒,U1092,王曉明,富邦高成長基金,55610
518,20230116,F2871,黎奕舒,A1849,王斯運,富邦長紅基金,48346
519,20230116,Y2145,魏宛禹,O1949,周塵文,富邦精銳中小基金,48627
520,20230119,W1150,洪林歆,W2337,涂玉芸,富邦長紅基金,37488
521,20230122,Y2145,魏宛禹,U2636,江可微,富邦長紅基金,91709
522,20230122,L2699,黃容旭,B2099,洪安文,富邦精準基金,89986
523,20230123,B1436,吳光磊,C2526,王喧海,富邦科技基金富邦台灣心基金,19819
524,20230123,U2206,林昀琉,A1849,王斯運,富邦全球不動產基金,14860
525,20230124,V1046,陳濮舒,D1287,田杉遠,富邦長紅基金,4104
526,20230125,F2871,黎奕舒,B2099,洪安文,富邦精銳中小基金,11290
527,20230125,F2871,黎奕舒,C2526,王喧海,富邦全球不動產基金,35074
528,20230125,B1436,吳光磊,J2985,胡正爾,富邦全球投資等級債券,39234
529,20230126,B1436,吳光磊,D1287,田杉遠,富邦吉祥貨幣市場基金,75442
530,20230129,W1150,洪林歆,U1092,王曉明,富邦大中華成長基金,80014
531,20230129,B1436,吳光磊,X1422,吳光理,富邦精銳中小基金,40249
532,20230131,B1436,吳光磊,W2337,涂玉芸,富邦大中華成長基金,57678
533,20230131,F2871,黎奕舒,O2672,孫捷玟,富邦科技基金富邦台灣心基金,27452
534,20230131,X2889,魏于嬋,G1787,詹剛勝,富邦長紅基金,99622
535,20230201,U2206,林昀琉,E2600,林銀霞,富邦大中華成長基金,59597
536,20230201,U2206,林昀琉,Z2432,鄭慧飛,富邦科技基金富邦台灣心基金,14837
537,20230201,V1046,陳濮舒,B2099,洪安文,富邦大中華成長基金,72657
538,20230203,W1150,洪林歆,D1287,田杉遠,富邦精準基金,78120
539,20230203,L2699,黃容旭,C2526,王喧海,富邦高成長基金,31554
540,20230204,K2546,賴芯菡,Z2432,鄭慧飛,富邦精銳中小基金,21042
541,20230205,W1150,洪林歆,C2834,王亞鬆,富邦大中華成長基金,96877
542,20230205,Y2145,魏宛禹,U2636,江可微,富邦大中華成長基金,35407
543,20230206,U2206,林昀琉,O1949,周塵文,富邦高成長基金,35279
544,20230206,V1046,陳濮舒,C2526,王喧海,富邦長紅基金,47209
545,20230207,Y2145,魏宛禹,O2672,孫捷玟,富邦高成長基金,49588
546,20230208,X2889,魏于嬋,B2099,洪安文,富邦吉祥貨幣市場基金,56645
547,20230209,Y2145,魏宛禹,G1787,詹剛勝,富邦大中華成長基金,3232
548,20230209,K2546,賴芯菡,W2337,涂玉芸,富邦精銳中小基金,76063
549,20230209,V1046,陳濮舒,W2337,涂玉芸,富邦高成長基金,27401
550,20230209,F2871,黎奕舒,A1849,王斯運,富邦長紅基金,10316
551,20230209,X2889,魏于嬋,J2985,胡正爾,富邦大中華成長基金,26001
552,20230210,K2546,賴芯菡,X1760,賴凰鳴,富邦吉祥貨幣市場基金,89594
553,20230211,F2871,黎奕舒,X1422,吳光理,富邦高成長基金,87911
554,20230212,A1405,曾添瑩,C2526,王喧海,富邦精銳中小基金,84413
555,20230212,Y2145,魏宛禹,Z2432,鄭慧飛,富邦大中華成長基金,62795
556,20230212,U2206,林昀琉,I1055,張實豪,富邦高成長基金,71204
557,20230215,W1150,洪林歆,A2401,顏平言,富邦大中華成長基金,88376
558,20230215,L2699,黃容旭,H2664,林丹雨,富邦全球投資等級債券,43081
559,20230215,U2206,林昀琉,J2985,胡正爾,富邦精銳中小基金,83607
560,20230215,B1436,吳光磊,Y1718,鄒祺興,富邦大中華成長基金,91362
561,20230219,X2889,魏于嬋,B2099,洪安文,富邦全球不動產基金,49623
562,20230219,F2871,黎奕舒,O2672,孫捷玟,富邦高成長基金,68658
563,20230219,W1150,洪林歆,E2600,林銀霞,富邦大中華成長基金,1497
564,20230221,K2546,賴芯菡,E2600,林銀霞,富邦科技基金富邦台灣心基金,12994
565,20230222,W1150,洪林歆,C2526,王喧海,富邦全球投資等級債券,79090
566,20230222,X2889,魏于嬋,W2337,涂玉芸,富邦精銳中小基金,48330
567,20230222,W1150,洪林歆,U2636,江可微,富邦高成長基金,93368
568,20230223,K2546,賴芯菡,Z2432,鄭慧飛,富邦精銳中小基金,84874
569,20230224,B1436,吳光磊,O2672,孫捷玟,富邦精準基金,4062
570,20230225,W1150,洪林歆,B2099,洪安文,富邦高成長基金,6791
571,20230225,Y2145,魏宛禹,E2600,林銀霞,富邦高成長基金,38384
572,20230226,K2546,賴芯菡,A2401,顏平言,富邦吉祥貨幣市場基金,33860
573,20230227,U2206,林昀琉,O2672,孫捷玟,富邦高成長基金,30643
574,20230302,X2889,魏于嬋,Z2432,鄭慧飛,富邦大中華成長基金,81113
575,20230304,X2889,魏于嬋,X1760,賴凰鳴,富邦大中華成長基金,96877
576,20230304,L2699,黃容旭,G1787,詹剛勝,富邦科技基金富邦台灣心基金,79637
577,20230305,B1436,吳光磊,D1287,田杉遠,富邦精銳中小基金,67843
578,20230305,W1150,洪林歆,G1787,詹剛勝,富邦全球不動產基金,50236
579,20230307,B1436,吳光磊,A2401,顏平言,富邦全球投資等級債券,12726
580,20230307,B1436,吳光磊,X1760,賴凰鳴,富邦精準基金,27590
581,20230307,K2546,賴芯菡,A2401,顏平言,富邦長紅基金,18908
582,20230309,U2206,林昀琉,H2664,林丹雨,富邦精準基金,63229
583,20230309,B1436,吳光磊,A2401,顏平言,富邦全球投資等級債券,92007
584,20230309,W1150,洪林歆,A1849,王斯運,富邦吉祥貨幣市場基金,33177
585,20230310,Y2145,魏宛禹,G1787,詹剛勝,富邦精準基金,63680
586,20230310,K2546,賴芯菡,J2985,胡正爾,富邦全球不動產基金,23111
587,20230311,Y2145,魏宛禹,I1055,張實豪,富邦大中華成長基金,58241
588,20230311,Y2145,魏宛禹,A2401,顏平言,富邦大中華成長基金,67950
589,20230312,K2546,賴芯菡,D1287,田杉遠,富邦全球投資等級債券,54091
590,20230312,B1436,吳光磊,J2985,胡正爾,富邦吉祥貨幣市場基金,99214
591,20230312,X2889,魏于嬋,O1949,周塵文,富邦大中華成長基金,27938
592,20230313,F2871,黎奕舒,A2401,顏平言,富邦高成長基金,71126
593,20230314,X2889,魏于嬋,B2099,洪安文,富邦精銳中小基金,84247
594,20230315,X2889,魏于嬋,I1055,張實豪,富邦精準基金,30927
595,20230316,F2871,黎奕舒,D1287,田杉遠,富邦精銳中小基金,94641
596,20230316,F2871,黎奕舒,A2401,顏平言,富邦吉祥貨幣市場基金,7877
597,20230316,B1436,吳光磊,A1849,王斯運,富邦精準基金,10492
598,20230317,L2699,黃容旭,C2526,王喧海,富邦大中華成長基金,41298
599,20230317,A1405,曾添瑩,O2672,孫捷玟,富邦大中華成長基金,10645
600,20230317,K2546,賴芯菡,O1949,周塵文,富邦高成長基金,40550
601,20230318,L2699,黃容旭,C2834,王亞鬆,富邦精準基金,51617
602,20230321,A1405,曾添瑩,B2099,洪安文,富邦全球投資等級債券,98618
603,20230325,Y2145,魏宛禹,X1422,吳光理,富邦精銳中小基金,1252
604,20230326,K2546,賴芯菡,O2672,孫捷玟,富邦精準基金,58356
605,20230326,K2546,賴芯菡,C2834,王亞鬆,富邦全球不動產基金,6940
606,20230327,X2889,魏于嬋,Y1718,鄒祺興,富邦大中華成長基金,75204
607,20230327,X2889,魏于嬋,H2664,林丹雨,富邦精準基金,86370
608,20230327,B1436,吳光磊,G1787,詹剛勝,富邦科技基金富邦台灣心基金,10328
609,20230328,Y2145,魏宛禹,U1092,王曉明,富邦吉祥貨幣市場基金,87244
610,20230329,K2546,賴芯菡,A1849,王斯運,富邦高成長基金,8831
611,20230329,W1150,洪林歆,G1787,詹剛勝,富邦長紅基金,66193
612,20230329,L2699,黃容旭,C2526,王喧海,富邦精準基金,81925
613,20230330,K2546,賴芯菡,G1787,詹剛勝,富邦吉祥貨幣市場基金,22243
614,20230401,W1150,洪林歆,G1787,詹剛勝,富邦全球投資等級債券,8548
615,20230401,A1405,曾添瑩,Y1718,鄒祺興,富邦科技基金富邦台灣心基金,50595
616,20230402,U2206,林昀琉,H2664,林丹雨,富邦大中華成長基金,98234
617,20230403,F2871,黎奕舒,H2664,林丹雨,富邦全球投資等級債券,67368
618,20230404,W1150,洪林歆,X1422,吳光理,富邦長紅基金,93071
619,20230404,L2699,黃容旭,O2672,孫捷玟,富邦精銳中小基金,23106
620,20230404,U2206,林昀琉,D1287,田杉遠,富邦全球不動產基金,69670
621,20230405,A1405,曾添瑩,H2664,林丹雨,富邦長紅基金,65547
622,20230405,W1150,洪林歆,O2672,孫捷玟,富邦大中華成長基金,39619
623,20230405,A1405,曾添瑩,U2636,江可微,富邦精銳中小基金,44947
624,20230405,A1405,曾添瑩,J2985,胡正爾,富邦吉祥貨幣市場基金,62014
625,20230406,K2546,賴芯菡,O1949,周塵文,富邦吉祥貨幣市場基金,19188
626,20230406,V1046,陳濮舒,B2099,洪安文,富邦精準基金,50659
627,20230408,F2871,黎奕舒,J2985,胡正爾,富邦長紅基金,8675
628,20230408,B1436,吳光磊,B2099,洪安文,富邦高成長基金,78183
629,20230408,K2546,賴芯菡,C2526,王喧海,富邦精銳中小基金,84503
630,20230409,K2546,賴芯菡,H2664,林丹雨,富邦吉祥貨幣市場基金,76869
631,20230409,K2546,賴芯菡,O1949,周塵文,富邦精銳中小基金,53227
632,20230412,L2699,黃容旭,X1422,吳光理,富邦長紅基金,64596
633,20230412,K2546,賴芯菡,I1055,張實豪,富邦高成長基金,48547
634,20230412,A1405,曾添瑩,W2337,涂玉芸,富邦高成長基金,99510
635,20230413,K2546,賴芯菡,A1849,王斯運,富邦吉祥貨幣市場基金,61127
636,20230414,W1150,洪林歆,O2672,孫捷玟,富邦高成長基金,62350
637,20230415,K2546,賴芯菡,X1760,賴凰鳴,富邦大中華成長基金,64321
638,20230416,Y2145,魏宛禹,A2401,顏平言,富邦科技基金富邦台灣心基金,52699
639,20230417,X2889,魏于嬋,A1849,王斯運,富邦全球投資等級債券,19195
640,20230417,W1150,洪林歆,C2834,王亞鬆,富邦大中華成長基金,42797
641,20230417,V1046,陳濮舒,X1422,吳光理,富邦長紅基金,20969
642,20230417,K2546,賴芯菡,U1092,王曉明,富邦吉祥貨幣市場基金,38715
643,20230420,X2889,魏于嬋,C2834,王亞鬆,富邦大中華成長基金,35019
644,20230420,L2699,黃容旭,B2099,洪安文,富邦精銳中小基金,92523
645,20230420,F2871,黎奕舒,J2985,胡正爾,富邦吉祥貨幣市場基金,72182
646,20230420,W1150,洪林歆,D1287,田杉遠,富邦高成長基金,27194
647,20230420,X2889,魏于嬋,G1787,詹剛勝,富邦大中華成長基金,41024
648,20230421,V1046,陳濮舒,A1849,王斯運,富邦精銳中小基金,11471
649,20230422,F2871,黎奕舒,D1287,田杉遠,富邦高成長基金,44780
650,20230423,B1436,吳光磊,U2636,江可微,富邦高成長基金,43008
651,20230424,X2889,魏于嬋,E2600,林銀霞,富邦精準基金,83659
652,20230424,A1405,曾添瑩,U1092,王曉明,富邦全球不動產基金,86027
653,20230426,W1150,洪林歆,X1422,吳光理,富邦長紅基金,15957
654,20230426,A1405,曾添瑩,O2672,孫捷玟,富邦大中華成長基金,98363
655,20230426,K2546,賴芯菡,A2401,顏平言,富邦精準基金,93416
656,20230427,W1150,洪林歆,U2636,江可微,富邦高成長基金,7697
657,20230427,Y2145,魏宛禹,W2337,涂玉芸,富邦科技基金富邦台灣心基金,54385
658,20230428,A1405,曾添瑩,U1092,王曉明,富邦大中華成長基金,18498
659,20230428,F2871,黎奕舒,H2664,林丹雨,富邦科技基金富邦台灣心基金,81505
660,20230428,Y2145,魏宛禹,A1849,王斯運,富邦全球不動產基金,39030
661,20230428,Y2145,魏宛禹,C2834,王亞鬆,富邦高成長基金,44771
662,20230429,W1150,洪林歆,X1760,賴凰鳴,富邦大中華成長基金,73483
663,20230429,X2889,魏于嬋,H2664,林丹雨,富邦精準基金,20798
664,20230429,V1046,陳濮舒,A2401,顏平言,富邦全球不動產基金,63486
665,20230429,K2546,賴芯菡,Z2432,鄭慧飛,富邦長紅基金,11849
666,20230430,K2546,賴芯菡,W2337,涂玉芸,富邦精銳中小基金,29174
667,20230430,W1150,洪林歆,C2526,王喧海,富邦精銳中小基金,90117
668,20230430,F2871,黎奕舒,E2600,林銀霞,富邦精銳中小基金,77581
669,20230501,Y2145,魏宛禹,A1849,王斯運,富邦精銳中小基金,42684
670,20230501,L2699,黃容旭,E2600,林銀霞,富邦精銳中小基金,55447
671,20230502,B1436,吳光磊,Z2432,鄭慧飛,富邦長紅基金,37200
672,20230503,A1405,曾添瑩,U1092,王曉明,富邦全球投資等級債券,57585
673,20230504,F2871,黎奕舒,B2099,洪安文,富邦高成長基金,65705
674,20230506,K2546,賴芯菡,B2099,洪安文,富邦全球投資等級債券,5101
675,20230506,L2699,黃容旭,G1787,詹剛勝,富邦全球投資等級債券,70141
676,20230506,B1436,吳光磊,U1092,王曉明,富邦科技基金富邦台灣心基金,27264
677,20230506,F2871,黎奕舒,Z2432,鄭慧飛,富邦全球不動產基金,33639
678,20230507,X2889,魏于嬋,D1287,田杉遠,富邦吉祥貨幣市場基金,37816
679,20230508,X2889,魏于嬋,Z2432,鄭慧飛,富邦精準基金,83291
680,20230509,W1150,洪林歆,X1422,吳光理,富邦長紅基金,49915
681,20230509,B1436,吳光磊,G1787,詹剛勝,富邦吉祥貨幣市場基金,65477
682,20230510,V1046,陳濮舒,E2600,林銀霞,富邦吉祥貨幣市場基金,26539
683,20230510,U2206,林昀琉,Y1718,鄒祺興,富邦精銳中小基金,56898
684,20230512,F2871,黎奕舒,B2099,洪安文,富邦高成長基金,31372
685,20230513,U2206,林昀琉,Y1718,鄒祺興,富邦全球投資等級債券,68165
686,20230517,X2889,魏于嬋,Y1718,鄒祺興,富邦科技基金富邦台灣心基金,65972
687,20230517,B1436,吳光磊,G1787,詹剛勝,富邦吉祥貨幣市場基金,43405
688,20230517,U2206,林昀琉,B2099,洪安文,富邦精準基金,79218
689,20230518,B1436,吳光磊,H2664,林丹雨,富邦精銳中小基金,19984
690,20230519,Y2145,魏宛禹,E2600,林銀霞,富邦全球投資等級債券,36568
691,20230520,L2699,黃容旭,A1849,王斯運,富邦高成長基金,36071
692,20230520,Y2145,魏宛禹,Z2432,鄭慧飛,富邦科技基金富邦台灣心基金,63265
693,20230521,X2889,魏于嬋,Z2432,鄭慧飛,富邦精準基金,27515
694,20230521,K2546,賴芯菡,C2526,王喧海,富邦高成長基金,41920
695,20230522,K2546,賴芯菡,O1949,周塵文,富邦全球不動產基金,56457
696,20230522,W1150,洪林歆,U2636,江可微,富邦科技基金富邦台灣心基金,60001
697,20230522,X2889,魏于嬋,A2401,顏平言,富邦長紅基金,21007
698,20230524,V1046,陳濮舒,E2600,林銀霞,富邦高成長基金,90249
699,20230524,L2699,黃容旭,E2600,林銀霞,富邦全球不動產基金,48606
700,20230525,F2871,黎奕舒,G1787,詹剛勝,富邦吉祥貨幣市場基金,31728
701,20230525,V1046,陳濮舒,A2401,顏平言,富邦高成長基金,60776
702,20230525,W1150,洪林歆,C2834,王亞鬆,富邦全球投資等級債券,15333
703,20230525,A1405,曾添瑩,U2636,江可微,富邦全球投資等級債券,77717
704,20230527,W1150,洪林歆,Y1718,鄒祺興,富邦精準基金,74542
705,20230527,X2889,魏于嬋,A2401,顏平言,富邦全球不動產基金,48560
706,20230528,U2206,林昀琉,O1949,周塵文,富邦全球投資等級債券,63273
707,20230529,V1046,陳濮舒,E2600,林銀霞,富邦長紅基金,11553
708,20230530,B1436,吳光磊,H2664,林丹雨,富邦高成長基金,1227
709,20230530,K2546,賴芯菡,B2099,洪安文,富邦大中華成長基金,87007
710,20230531,L2699,黃容旭,C2834,王亞鬆,富邦高成長基金,27236
711,20230601,V1046,陳濮舒,U2636,江可微,富邦高成長基金,94332
712,20230601,Y2145,魏宛禹,B2099,洪安文,富邦長紅基金,23584
713,20230602,V1046,陳濮舒,U1092,王曉明,富邦吉祥貨幣市場基金,4790
714,20230602,Y2145,魏宛禹,J2985,胡正爾,富邦長紅基金,78649
715,20230602,L2699,黃容旭,X1422,吳光理,富邦高成長基金,76946
716,20230603,Y2145,魏宛禹,X1422,吳光理,富邦吉祥貨幣市場基金,28753
717,20230603,K2546,賴芯菡,G1787,詹剛勝,富邦精準基金,70815
718,20230605,L2699,黃容旭,O1949,周塵文,富邦高成長基金,10058
719,20230605,W1150,洪林歆,B2099,洪安文,富邦大中華成長基金,71723
720,20230606,X2889,魏于嬋,O2672,孫捷玟,富邦高成長基金,17430
721,20230608,A1405,曾添瑩,U2636,江可微,富邦全球投資等級債券,67455
722,20230608,W1150,洪林歆,C2526,王喧海,富邦吉祥貨幣市場基金,93380
723,20230609,W1150,洪林歆,I1055,張實豪,富邦科技基金富邦台灣心基金,12345
724,20230610,F2871,黎奕舒,U1092,王曉明,富邦精銳中小基金,71213
725,20230610,X2889,魏于嬋,O2672,孫捷玟,富邦全球不動產基金,95251
726,20230610,L2699,黃容旭,O1949,周塵文,富邦吉祥貨幣市場基金,64187
727,20230611,X2889,魏于嬋,X1760,賴凰鳴,富邦全球不動產基金,55121
728,20230611,X2889,魏于嬋,O2672,孫捷玟,富邦大中華成長基金,83023
729,20230612,F2871,黎奕舒,O1949,周塵文,富邦大中華成長基金,5421
730,20230612,Y2145,魏宛禹,E2600,林銀霞,富邦科技基金富邦台灣心基金,9635
731,20230612,U2206,林昀琉,B2099,洪安文,富邦科技基金富邦台灣心基金,69618
732,20230613,L2699,黃容旭,W2337,涂玉芸,富邦高成長基金,86989
733,20230613,U2206,林昀琉,A2401,顏平言,富邦全球投資等級債券,74674
734,20230613,W1150,洪林歆,E2600,林銀霞,富邦吉祥貨幣市場基金,27733
735,20230613,U2206,林昀琉,G1787,詹剛勝,富邦大中華成長基金,46670
736,20230613,X2889,魏于嬋,Z2432,鄭慧飛,富邦高成長基金,34502
737,20230614,B1436,吳光磊,O2672,孫捷玟,富邦吉祥貨幣市場基金,72835
738,20230614,A1405,曾添瑩,C2526,王喧海,富邦吉祥貨幣市場基金,11684
739,20230614,Y2145,魏宛禹,A1849,王斯運,富邦長紅基金,36969
740,20230616,K2546,賴芯菡,W2337,涂玉芸,富邦全球投資等級債券,85736
741,20230616,Y2145,魏宛禹,I1055,張實豪,富邦高成長基金,9289
742,20230617,B1436,吳光磊,X1422,吳光理,富邦全球不動產基金,29354
743,20230618,X2889,魏于嬋,G1787,詹剛勝,富邦精銳中小基金,85025
744,20230619,B1436,吳光磊,Z2432,鄭慧飛,富邦高成長基金,72749
745,20230621,F2871,黎奕舒,X1422,吳光理,富邦全球不動產基金,48130
746,20230625,U2206,林昀琉,O2672,孫捷玟,富邦長紅基金,81234
747,20230625,B1436,吳光磊,J2985,胡正爾,富邦全球不動產基金,37076
748,20230627,K2546,賴芯菡,C2834,王亞鬆,富邦精準基金,59781
749,20230628,K2546,賴芯菡,O1949,周塵文,富邦吉祥貨幣市場基金,69766
750,20230629,A1405,曾添瑩,J2985,胡正爾,富邦全球不動產基金,35980
751,20230630,K2546,賴芯菡,Y1718,鄒祺興,富邦吉祥貨幣市場基金,50467
752,20230701,L2699,黃容旭,G1787,詹剛勝,富邦長紅基金,90101
753,20230701,V1046,陳濮舒,U1092,王曉明,富邦高成長基金,86405
754,20230702,U2206,林昀琉,O1949,周塵文,富邦科技基金富邦台灣心基金,30214
755,20230702,V1046,陳濮舒,X1760,賴凰鳴,富邦精準基金,54584
756,20230702,A1405,曾添瑩,O2672,孫捷玟,富邦科技基金富邦台灣心基金,25653
757,20230702,V1046,陳濮舒,H2664,林丹雨,富邦精銳中小基金,70360
758,20230703,B1436,吳光磊,B2099,洪安文,富邦大中華成長基金,49634
759,20230703,Y2145,魏宛禹,G1787,詹剛勝,富邦吉祥貨幣市場基金,97768
760,20230704,W1150,洪林歆,H2664,林丹雨,富邦全球投資等級債券,22764
761,20230705,V1046,陳濮舒,E2600,林銀霞,富邦吉祥貨幣市場基金,72078
762,20230705,F2871,黎奕舒,O1949,周塵文,富邦吉祥貨幣市場基金,71109
763,20230707,K2546,賴芯菡,C2834,王亞鬆,富邦吉祥貨幣市場基金,81146
764,20230708,V1046,陳濮舒,A1849,王斯運,富邦全球投資等級債券,53090
765,20230709,X2889,魏于嬋,I1055,張實豪,富邦長紅基金,59021
766,20230710,X2889,魏于嬋,W2337,涂玉芸,富邦全球不動產基金,40820
767,20230710,W1150,洪林歆,W2337,涂玉芸,富邦全球不動產基金,64314
768,20230711,V1046,陳濮舒,D1287,田杉遠,富邦全球投資等級債券,21972
769,20230713,L2699,黃容旭,Y1718,鄒祺興,富邦精準基金,57846
770,20230713,B1436,吳光磊,O2672,孫捷玟,富邦科技基金富邦台灣心基金,97952
771,20230714,F2871,黎奕舒,C2834,王亞鬆,富邦全球投資等級債券,12874
772,20230714,Y2145,魏宛禹,W2337,涂玉芸,富邦全球不動產基金,10069
773,20230714,L2699,黃容旭,J2985,胡正爾,富邦全球不動產基金,68208
774,20230714,B1436,吳光磊,C2834,王亞鬆,富邦全球投資等級債券,86195
775,20230715,A1405,曾添瑩,E2600,林銀霞,富邦科技基金富邦台灣心基金,55305
776,20230715,U2206,林昀琉,O1949,周塵文,富邦全球不動產基金,14361
777,20230716,Y2145,魏宛禹,D1287,田杉遠,富邦精準基金,20682
778,20230717,B1436,吳光磊,C2526,王喧海,富邦科技基金富邦台灣心基金,29725
779,20230717,W1150,洪林歆,B2099,洪安文,富邦吉祥貨幣市場基金,5559
780,20230718,Y2145,魏宛禹,I1055,張實豪,富邦高成長基金,75977
781,20230720,B1436,吳光磊,W2337,涂玉芸,富邦高成長基金,92973
782,20230720,X2889,魏于嬋,G1787,詹剛勝,富邦大中華成長基金,30953
783,20230720,Y2145,魏宛禹,D1287,田杉遠,富邦精銳中小基金,59537
784,20230721,Y2145,魏宛禹,Z2432,鄭慧飛,富邦科技基金富邦台灣心基金,11042
785,20230721,K2546,賴芯菡,Z2432,鄭慧飛,富邦精準基金,83992
786,20230722,X2889,魏于嬋,H2664,林丹雨,富邦長紅基金,3708
787,20230723,A1405,曾添瑩,B2099,洪安文,富邦全球投資等級債券,37021
788,20230723,Y2145,魏宛禹,U2636,江可微,富邦大中華成長基金,22372
789,20230723,L2699,黃容旭,U2636,江可微,富邦精準基金,9201
790,20230724,K2546,賴芯菡,C2834,王亞鬆,富邦全球不動產基金,43318
791,20230725,F2871,黎奕舒,Z2432,鄭慧飛,富邦長紅基金,49034
792,20230726,B1436,吳光磊,C2834,王亞鬆,富邦吉祥貨幣市場基金,60680
793,20230726,V1046,陳濮舒,Y1718,鄒祺興,富邦吉祥貨幣市場基金,46664
794,20230728,V1046,陳濮舒,J2985,胡正爾,富邦全球不動產基金,69200
795,20230728,U2206,林昀琉,W2337,涂玉芸,富邦吉祥貨幣市場基金,51179
796,20230728,L2699,黃容旭,X1422,吳光理,富邦吉祥貨幣市場基金,87537
797,20230730,K2546,賴芯菡,B2099,洪安文,富邦精銳中小基金,19999
798,20230731,X2889,魏于嬋,Y1718,鄒祺興,富邦全球投資等級債券,18542
799,20230731,F2871,黎奕舒,I1055,張實豪,富邦精準基金,92127
800,20230801,F2871,黎奕舒,H2664,林丹雨,富邦精準基金,86719
801,20230803,L2699,黃容旭,G1787,詹剛勝,富邦大中華成長基金,23332
802,20230805,B1436,吳光磊,U1092,王曉明,富邦精準基金,37446
803,20230807,W1150,洪林歆,X1422,吳光理,富邦吉祥貨幣市場基金,49095
804,20230807,X2889,魏于嬋,E2600,林銀霞,富邦大中華成長基金,25504
805,20230808,B1436,吳光磊,U2636,江可微,富邦高成長基金,22774
806,20230809,L2699,黃容旭,I1055,張實豪,富邦吉祥貨幣市場基金,21102
807,20230810,U2206,林昀琉,Z2432,鄭慧飛,富邦大中華成長基金,92298
808,20230810,X2889,魏于嬋,I1055,張實豪,富邦吉祥貨幣市場基金,56452
809,20230811,X2889,魏于嬋,Y1718,鄒祺興,富邦科技基金富邦台灣心基金,44708
810,20230811,L2699,黃容旭,U1092,王曉明,富邦全球不動產基金,72856
811,20230812,X2889,魏于嬋,E2600,林銀霞,富邦全球不動產基金,9972
812,20230812,L2699,黃容旭,C2526,王喧海,富邦全球不動產基金,25840
813,20230812,U2206,林昀琉,G1787,詹剛勝,富邦全球不動產基金,97806
814,20230814,X2889,魏于嬋,O1949,周塵文,富邦高成長基金,47348
815,20230818,F2871,黎奕舒,O1949,周塵文,富邦大中華成長基金,15875
816,20230818,U2206,林昀琉,Y1718,鄒祺興,富邦科技基金富邦台灣心基金,9404
817,20230819,W1150,洪林歆,I1055,張實豪,富邦全球投資等級債券,2401
818,20230820,W1150,洪林歆,J2985,胡正爾,富邦精準基金,2821
819,20230821,K2546,賴芯菡,A2401,顏平言,富邦全球不動產基金,69534
820,20230822,V1046,陳濮舒,A2401,顏平言,富邦精準基金,12826
821,20230823,U2206,林昀琉,W2337,涂玉芸,富邦大中華成長基金,23625
822,20230823,U2206,林昀琉,I1055,張實豪,富邦科技基金富邦台灣心基金,63607
823,20230823,B1436,吳光磊,O1949,周塵文,富邦全球不動產基金,17720
824,20230824,L2699,黃容旭,X1760,賴凰鳴,富邦科技基金富邦台灣心基金,14110
825,20230824,L2699,黃容旭,A2401,顏平言,富邦吉祥貨幣市場基金,66570
826,20230824,A1405,曾添瑩,A1849,王斯運,富邦吉祥貨幣市場基金,69937
827,20230825,X2889,魏于嬋,Y1718,鄒祺興,富邦吉祥貨幣市場基金,22445
828,20230826,X2889,魏于嬋,U1092,王曉明,富邦全球不動產基金,65382
829,20230826,F2871,黎奕舒,O2672,孫捷玟,富邦長紅基金,17575
830,20230826,V1046,陳濮舒,J2985,胡正爾,富邦精準基金,32706
831,20230827,W1150,洪林歆,C2834,王亞鬆,富邦吉祥貨幣市場基金,32984
832,20230827,Y2145,魏宛禹,O2672,孫捷玟,富邦精銳中小基金,71929
833,20230828,L2699,黃容旭,X1422,吳光理,富邦高成長基金,66606
834,20230829,Y2145,魏宛禹,U2636,江可微,富邦長紅基金,76525
835,20230829,U2206,林昀琉,A2401,顏平言,富邦科技基金富邦台灣心基金,84929
836,20230829,A1405,曾添瑩,Z2432,鄭慧飛,富邦長紅基金,49012
837,20230829,L2699,黃容旭,X1422,吳光理,富邦高成長基金,86893
838,20230830,B1436,吳光磊,B2099,洪安文,富邦科技基金富邦台灣心基金,14423
839,20230830,W1150,洪林歆,H2664,林丹雨,富邦全球投資等級債券,99960
840,20230831,Y2145,魏宛禹,X1422,吳光理,富邦吉祥貨幣市場基金,91232
841,20230831,L2699,黃容旭,X1422,吳光理,富邦科技基金富邦台灣心基金,77747
842,20230831,W1150,洪林歆,O1949,周塵文,富邦大中華成長基金,84720
843,20230903,A1405,曾添瑩,H2664,林丹雨,富邦吉祥貨幣市場基金,59729
844,20230903,W1150,洪林歆,A1849,王斯運,富邦吉祥貨幣市場基金,12688
845,20230906,Y2145,魏宛禹,C2526,王喧海,富邦精銳中小基金,97716
846,20230906,V1046,陳濮舒,C2834,王亞鬆,富邦全球不動產基金,5296
847,20230907,A1405,曾添瑩,D1287,田杉遠,富邦精銳中小基金,67488
848,20230907,Y2145,魏宛禹,Y1718,鄒祺興,富邦高成長基金,56018
849,20230907,W1150,洪林歆,E2600,林銀霞,富邦精準基金,93840
850,20230908,U2206,林昀琉,E2600,林銀霞,富邦吉祥貨幣市場基金,74246
851,20230908,X2889,魏于嬋,U1092,王曉明,富邦全球投資等級債券,12342
852,20230908,X2889,魏于嬋,Z2432,鄭慧飛,富邦吉祥貨幣市場基金,72606
853,20230908,X2889,魏于嬋,B2099,洪安文,富邦全球不動產基金,67711
854,20230908,K2546,賴芯菡,U2636,江可微,富邦精銳中小基金,49722
855,20230909,U2206,林昀琉,O1949,周塵文,富邦精準基金,26329
856,20230909,W1150,洪林歆,C2834,王亞鬆,富邦精準基金,36889
857,20230911,U2206,林昀琉,O2672,孫捷玟,富邦吉祥貨幣市場基金,59212
858,20230911,F2871,黎奕舒,U1092,王曉明,富邦科技基金富邦台灣心基金,2418
859,20230913,K2546,賴芯菡,O2672,孫捷玟,富邦高成長基金,73059
860,20230913,U2206,林昀琉,H2664,林丹雨,富邦全球不動產基金,41940
861,20230914,V1046,陳濮舒,A2401,顏平言,富邦全球投資等級債券,7328
862,20230914,A1405,曾添瑩,X1760,賴凰鳴,富邦精銳中小基金,71827
863,20230915,W1150,洪林歆,I1055,張實豪,富邦吉祥貨幣市場基金,76181
864,20230915,X2889,魏于嬋,E2600,林銀霞,富邦吉祥貨幣市場基金,18745
865,20230916,Y2145,魏宛禹,C2526,王喧海,富邦科技基金富邦台灣心基金,95365
866,20230917,B1436,吳光磊,D1287,田杉遠,富邦全球不動產基金,94663
867,20230917,B1436,吳光磊,I1055,張實豪,富邦高成長基金,80713
868,20230917,B1436,吳光磊,D1287,田杉遠,富邦精銳中小基金,92988
869,20230917,W1150,洪林歆,A1849,王斯運,富邦長紅基金,63652
870,20230919,V1046,陳濮舒,A2401,顏平言,富邦全球不動產基金,17526
871,20230920,B1436,吳光磊,D1287,田杉遠,富邦全球不動產基金,86905
872,20230921,X2889,魏于嬋,W2337,涂玉芸,富邦全球投資等級債券,99762
873,20230922,Y2145,魏宛禹,J2985,胡正爾,富邦精準基金,94933
874,20230922,W1150,洪林歆,C2834,王亞鬆,富邦大中華成長基金,50412
875,20230922,K2546,賴芯菡,Y1718,鄒祺興,富邦大中華成長基金,65408
876,20230923,L2699,黃容旭,J2985,胡正爾,富邦精準基金,32002
877,20230924,B1436,吳光磊,C2526,王喧海,富邦全球不動產基金,87730
878,20230925,K2546,賴芯菡,U2636,江可微,富邦長紅基金,90858
879,20230928,U2206,林昀琉,G1787,詹剛勝,富邦全球投資等級債券,60336
880,20230930,L2699,黃容旭,A1849,王斯運,富邦精準基金,14974
881,20230930,A1405,曾添瑩,U2636,江可微,富邦吉祥貨幣市場基金,76692
882,20230930,Y2145,魏宛禹,X1760,賴凰鳴,富邦吉祥貨幣市場基金,41593
883,20230930,L2699,黃容旭,U1092,王曉明,富邦長紅基金,19683
884,20231001,K2546,賴芯菡,H2664,林丹雨,富邦科技基金富邦台灣心基金,24954
885,20231002,X2889,魏于嬋,H2664,林丹雨,富邦精銳中小基金,35497
886,20231002,A1405,曾添瑩,C2834,王亞鬆,富邦科技基金富邦台灣心基金,45267
887,20231002,K2546,賴芯菡,U1092,王曉明,富邦長紅基金,98680
888,20231003,V1046,陳濮舒,A2401,顏平言,富邦科技基金富邦台灣心基金,51972
889,20231004,A1405,曾添瑩,X1422,吳光理,富邦吉祥貨幣市場基金,23976
890,20231007,K2546,賴芯菡,D1287,田杉遠,富邦大中華成長基金,28219
891,20231008,U2206,林昀琉,I1055,張實豪,富邦長紅基金,85681
892,20231009,B1436,吳光磊,X1422,吳光理,富邦高成長基金,29761
893,20231009,W1150,洪林歆,J2985,胡正爾,富邦高成長基金,82848
894,20231010,V1046,陳濮舒,W2337,涂玉芸,富邦高成長基金,45254
895,20231010,K2546,賴芯菡,U2636,江可微,富邦精銳中小基金,73244
896,20231011,L2699,黃容旭,B2099,洪安文,富邦精準基金,88482
897,20231011,Y2145,魏宛禹,W2337,涂玉芸,富邦全球投資等級債券,66044
898,20231012,U2206,林昀琉,J2985,胡正爾,富邦全球投資等級債券,73363
899,20231015,K2546,賴芯菡,X1760,賴凰鳴,富邦全球不動產基金,18645
900,20231015,U2206,林昀琉,H2664,林丹雨,富邦長紅基金,38447
901,20231015,W1150,洪林歆,B2099,洪安文,富邦科技基金富邦台灣心基金,48744
902,20231016,A1405,曾添瑩,I1055,張實豪,富邦大中華成長基金,99708
903,20231016,B1436,吳光磊,C2834,王亞鬆,富邦精準基金,65094
904,20231016,L2699,黃容旭,U2636,江可微,富邦吉祥貨幣市場基金,68738
905,20231017,A1405,曾添瑩,G1787,詹剛勝,富邦長紅基金,17027
906,20231017,X2889,魏于嬋,C2834,王亞鬆,富邦科技基金富邦台灣心基金,94824
907,20231017,A1405,曾添瑩,X1422,吳光理,富邦吉祥貨幣市場基金,37769
908,20231017,X2889,魏于嬋,O1949,周塵文,富邦吉祥貨幣市場基金,30517
909,20231018,W1150,洪林歆,W2337,涂玉芸,富邦大中華成長基金,93074
910,20231018,A1405,曾添瑩,A2401,顏平言,富邦大中華成長基金,23597
911,20231018,V1046,陳濮舒,G1787,詹剛勝,富邦精銳中小基金,18054
912,20231019,U2206,林昀琉,Z2432,鄭慧飛,富邦精銳中小基金,81022
913,20231020,B1436,吳光磊,X1422,吳光理,富邦科技基金富邦台灣心基金,91796
914,20231021,B1436,吳光磊,B2099,洪安文,富邦吉祥貨幣市場基金,65358
915,20231022,X2889,魏于嬋,O2672,孫捷玟,富邦吉祥貨幣市場基金,69060
916,20231023,K2546,賴芯菡,A2401,顏平言,富邦長紅基金,30052
917,20231024,X2889,魏于嬋,U1092,王曉明,富邦精準基金,74522
918,20231024,U2206,林昀琉,J2985,胡正爾,富邦大中華成長基金,62754
919,20231025,U2206,林昀琉,O2672,孫捷玟,富邦全球投資等級債券,1128
920,20231025,L2699,黃容旭,I1055,張實豪,富邦全球投資等級債券,65299
921,20231026,X2889,魏于嬋,X1760,賴凰鳴,富邦全球不動產基金,70462
922,20231027,L2699,黃容旭,G1787,詹剛勝,富邦科技基金富邦台灣心基金,31453
923,20231027,U2206,林昀琉,C2526,王喧海,富邦大中華成長基金,33028
924,20231027,X2889,魏于嬋,C2526,王喧海,富邦全球不動產基金,65099
925,20231027,F2871,黎奕舒,X1422,吳光理,富邦精準基金,37983
926,20231027,Y2145,魏宛禹,Y1718,鄒祺興,富邦全球投資等級債券,79445
927,20231028,X2889,魏于嬋,Y1718,鄒祺興,富邦大中華成長基金,40968
928,20231028,Y2145,魏宛禹,H2664,林丹雨,富邦長紅基金,10449
929,20231028,V1046,陳濮舒,B2099,洪安文,富邦科技基金富邦台灣心基金,6350
930,20231029,B1436,吳光磊,B2099,洪安文,富邦全球投資等級債券,91095
931,20231029,F2871,黎奕舒,C2526,王喧海,富邦大中華成長基金,52977
932,20231029,A1405,曾添瑩,I1055,張實豪,富邦大中華成長基金,49693
933,20231031,K2546,賴芯菡,X1422,吳光理,富邦大中華成長基金,6319
934,20231101,B1436,吳光磊,C2834,王亞鬆,富邦高成長基金,64385
935,20231101,V1046,陳濮舒,Z2432,鄭慧飛,富邦科技基金富邦台灣心基金,29608
936,20231103,U2206,林昀琉,I1055,張實豪,富邦精準基金,80741
937,20231103,W1150,洪林歆,W2337,涂玉芸,富邦高成長基金,12141
938,20231104,L2699,黃容旭,G1787,詹剛勝,富邦全球不動產基金,53917
939,20231104,X2889,魏于嬋,A1849,王斯運,富邦全球投資等級債券,99990
940,20231105,V1046,陳濮舒,C2834,王亞鬆,富邦全球投資等級債券,85450
941,20231105,K2546,賴芯菡,Z2432,鄭慧飛,富邦精銳中小基金,30515
942,20231106,F2871,黎奕舒,Z2432,鄭慧飛,富邦全球投資等級債券,75163
943,20231107,A1405,曾添瑩,E2600,林銀霞,富邦長紅基金,56824
944,20231107,B1436,吳光磊,O2672,孫捷玟,富邦科技基金富邦台灣心基金,99719
945,20231108,K2546,賴芯菡,O1949,周塵文,富邦全球投資等級債券,34240
946,20231108,V1046,陳濮舒,X1422,吳光理,富邦吉祥貨幣市場基金,81905
947,20231108,V1046,陳濮舒,Y1718,鄒祺興,富邦全球不動產基金,15373
948,20231109,A1405,曾添瑩,H2664,林丹雨,富邦精銳中小基金,89403
949,20231110,X2889,魏于嬋,J2985,胡正爾,富邦長紅基金,66438
950,20231110,X2889,魏于嬋,A2401,顏平言,富邦吉祥貨幣市場基金,64452
951,20231111,A1405,曾添瑩,D1287,田杉遠,富邦科技基金富邦台灣心基金,83730
952,20231113,V1046,陳濮舒,B2099,洪安文,富邦長紅基金,87788
953,20231113,K2546,賴芯菡,J2985,胡正爾,富邦科技基金富邦台灣心基金,88805
954,20231114,Y2145,魏宛禹,Z2432,鄭慧飛,富邦全球投資等級債券,33011
955,20231115,Y2145,魏宛禹,J2985,胡正爾,富邦大中華成長基金,4382
956,20231115,X2889,魏于嬋,W2337,涂玉芸,富邦精銳中小基金,94224
957,20231115,F2871,黎奕舒,U2636,江可微,富邦吉祥貨幣市場基金,34564
958,20231118,L2699,黃容旭,E2600,林銀霞,富邦科技基金富邦台灣心基金,62937
959,20231119,W1150,洪林歆,X1422,吳光理,富邦吉祥貨幣市場基金,4263
960,20231120,W1150,洪林歆,I1055,張實豪,富邦全球投資等級債券,93089
961,20231120,V1046,陳濮舒,C2526,王喧海,富邦高成長基金,46155
962,20231121,K2546,賴芯菡,A1849,王斯運,富邦精銳中小基金,83517
963,20231121,K2546,賴芯菡,A2401,顏平言,富邦長紅基金,23886
964,20231122,L2699,黃容旭,C2834,王亞鬆,富邦長紅基金,29471
965,20231122,L2699,黃容旭,J2985,胡正爾,富邦全球不動產基金,28258
966,20231125,Y2145,魏宛禹,C2834,王亞鬆,富邦精準基金,50003
967,20231127,Y2145,魏宛禹,H2664,林丹雨,富邦高成長基金,71003
968,20231128,F2871,黎奕舒,A2401,顏平言,富邦吉祥貨幣市場基金,23420
969,20231129,U2206,林昀琉,E2600,林銀霞,富邦全球不動產基金,43036
970,20231129,B1436,吳光磊,W2337,涂玉芸,富邦科技基金富邦台灣心基金,21097
971,20231202,L2699,黃容旭,Z2432,鄭慧飛,富邦長紅基金,87613
972,20231205,X2889,魏于嬋,A2401,顏平言,富邦全球不動產基金,82471
973,20231207,K2546,賴芯菡,A2401,顏平言,富邦吉祥貨幣市場基金,4783
974,20231209,L2699,黃容旭,J2985,胡正爾,富邦長紅基金,7373
975,20231210,V1046,陳濮舒,U1092,王曉明,富邦吉祥貨幣市場基金,45518
976,20231211,W1150,洪林歆,J2985,胡正爾,富邦長紅基金,75725
977,20231211,Y2145,魏宛禹,D1287,田杉遠,富邦全球投資等級債券,52022
978,20231212,X2889,魏于嬋,A2401,顏平言,富邦全球投資等級債券,77205
979,20231212,Y2145,魏宛禹,H2664,林丹雨,富邦精準基金,98846
980,20231212,X2889,魏于嬋,E2600,林銀霞,富邦精銳中小基金,6346
981,20231213,A1405,曾添瑩,U2636,江可微,富邦科技基金富邦台灣心基金,73173
982,20231213,V1046,陳濮舒,A1849,王斯運,富邦精銳中小基金,60448
983,20231214,F2871,黎奕舒,B2099,洪安文,富邦精銳中小基金,94609
984,20231215,V1046,陳濮舒,O1949,周塵文,富邦長紅基金,28950
985,20231215,Y2145,魏宛禹,B2099,洪安文,富邦吉祥貨幣市場基金,70264
986,20231215,F2871,黎奕舒,X1422,吳光理,富邦高成長基金,18169
987,20231215,X2889,魏于嬋,W2337,涂玉芸,富邦全球不動產基金,89910
988,20231215,W1150,洪林歆,Z2432,鄭慧飛,富邦精準基金,28056
989,20231216,F2871,黎奕舒,W2337,涂玉芸,富邦全球不動產基金,46377
990,20231216,K2546,賴芯菡,A1849,王斯運,富邦科技基金富邦台灣心基金,94550
991,20231216,B1436,吳光磊,C2834,王亞鬆,富邦全球投資等級債券,27486
992,20231216,A1405,曾添瑩,W2337,涂玉芸,富邦精準基金,81700
993,20231222,K2546,賴芯菡,I1055,張實豪,富邦吉祥貨幣市場基金,66240
994,20231222,L2699,黃容旭,Y1718,鄒祺興,富邦全球投資等級債券,69312
995,20231225,W1150,洪林歆,U2636,江可微,富邦科技基金富邦台灣心基金,52719
996,20231228,K2546,賴芯菡,B2099,洪安文,富邦吉祥貨幣市場基金,50364
997,20231228,F2871,黎奕舒,X1422,吳光理,富邦吉祥貨幣市場基金,80883
998,20231228,X2889,魏于嬋,X1422,吳光理,富邦吉祥貨幣市場基金,16503
999,20231229,F2871,黎奕舒,O1949,周塵文,富邦全球投資等級債券,21241
1000,20231229,Y2145,魏宛禹,E2600,林銀霞,富邦高成長基金,55835
