ID,姓名,年齡,地址
1,魏宛禹,55,新北市三重區重陽路三段92巷24號
2,林昀琉,48,台北市中山區南京東路三段218號
3,魏于嬋,59,雲林縣斗南鎮南昌西路217號
4,黃容旭,23,台中市沙鹿區臺灣大道七段228號
5,賴芯菡,25,嘉義縣民雄鄉十四甲路95號
6,黎奕舒,40,台中市西區居仁街205號
7,吳光磊,26,台中市北區尊賢街75巷19號
8,洪林歆,45,台北市中山區民生西路95巷7號5樓
9,陳濮舒,33,新竹縣竹北市莊敬七街129巷27號7樓
10,曾添瑩,45,桃園市龍潭區中原路三段40巷18號
