Employee_ID,Employee_Name,Address,Gender,Date_of_Birth,Age,Phone_Number,Mobile_Number,Marital_Status,Email
Y2145,魏宛禹,台北市中正區忠孝里5鄰忠孝東路一段12巷34號3樓,Female,19740127,50,23895166,0926-378-018,單身,teresahenderson@example.com
U2206,林昀琉,新北市板橋區和平里8鄰中山路三段56號,Female,19960928,27,66320256,0903-254-190,單身,april12@example.org
X2889,魏于嬋,台中市西屯區光明里12鄰台灣大道二段78巷90弄123號6樓,Female,19770426,47,36875323,0903-284-768,單身,shawnchambers@example.net
L2699,黃容旭,台南市東區永安里3鄰民族路一段45號,Male,19830317,41,47927400,0913-770-017,單身,sjones@example.org
K2546,賴芯菡,高雄市鼓山區仁愛里7鄰復興路四段67弄89號之2,Male,20001028,23,69393915,0957-566-503,單身,kkirk@example.org
F2871,黎奕舒,桃園市中壢區信義里15鄰和平路三段89號2樓,Female,19980615,26,81994818,0983-480-444,已婚,olsondanielle@example.net
B1436,吳光磊,新竹市北區中山里1鄰中華路四段123巷45號,Female,19881009,35,51693526,0971-617-209,單身,jsuarez@example.net
W1150,洪林歆,嘉義市東區民生里10鄰成功路五段67弄89號8樓之1,Male,19850720,38,33975368,0994-681-903,單身,csharp@example.org
V1046,陳濮舒,基隆市安南區大同里20鄰光復路二段12巷34號,Female,19770827,46,53450189,0993-191-832,單身,cchen@example.org
A1405,曾添瑩,彰化市三重區福德里18鄰仁愛路一段56號3樓,Male,19910927,32,69355357,0913-654-860,單身,orrjonathan@example.com
