Branch_ID,Branch_Name,Branch_Location,Branch_Manager,Opening_Date,Number_of_Employees,Branch_Contact_Number,Branch_Email,Branch_Description
101,中央分行,市中心,王雅涵,20190317,46,0915-661952,pcai@example.com,市中心的主要分行
102,北部分行,北區,劉淑惠,20181226,33,038 92747175,yangxiuying@example.net,位於北區的分行
103,東部分行,東區,曹心怡,20190115,31,03 1980867,hanli@example.org,位於東區的分行
104,南部分行,南區,楊靜怡,20180517,40,02-36003273,jiangfang@example.net,位於南區的分行
105,西部分行,西區,姬靜怡,20180105,17,0950-911404,ping81@example.org,位於西區的分行
