Branch_ID,Branch_Name,Branch_Location,Branch_Manager,Opening_Date,Number_of_Employees,Branch_Contact_Number,Branch_Email,Branch_Description
101,中央分行,市中心,余雅芳,2018-12-23,19,(07) 63467741,liye@example.org,市中心的主要分行
102,北部分行,北區,吳俊宏,2018-08-31,27,02-7714523,qinming@example.net,位於北區的分行
103,東部分行,東區,黃家豪,2018-06-12,21,0932-837231,na49@example.com,位於東區的分行
104,南部分行,南區,高詩婷,2015-07-12,29,07-6990305,juanpeng@example.com,位於南區的分行
105,西部分行,西區,潘雅萍,2017-04-26,41,07-86797562,jiajie@example.org,位於西區的分行
