Transaction_ID,Transaction_Date,Employee_ID,Employee_Name,Customer_ID,Customer_Name,Product_Name,Margin
1,20220101,X2889,魏于嬋,J2985,胡正爾,富邦高成長基金,2357
2,20220102,B1436,吳光磊,U1092,王曉明,富邦全球投資等級債券,4193
3,20220102,B1436,吳光磊,J2985,胡正爾,富邦精準基金,2459
4,20220104,B1436,吳光磊,H2664,林丹雨,富邦長紅基金,446
5,20220104,W1150,洪林歆,E2600,林銀霞,富邦吉祥貨幣市場基金,2010
6,20220105,K2546,賴芯菡,X1760,賴凰鳴,富邦大中華成長基金,1310
7,20220107,X2889,魏于嬋,E2600,林銀霞,富邦全球投資等級債券,2479
8,20220109,V1046,陳濮舒,A2401,顏平言,富邦長紅基金,1197
9,20220109,L2699,黃容旭,O1949,周塵文,富邦精準基金,1387
10,20220109,A1405,曾添瑩,A2401,顏平言,富邦高成長基金,343
11,20220109,Y2145,魏宛禹,U1092,王曉明,富邦全球不動產基金,314
12,20220109,L2699,黃容旭,H2664,林丹雨,富邦科技基金富邦台灣心基金,137
13,20220111,W1150,洪林歆,Z2432,鄭慧飛,富邦大中華成長基金,1934
14,20220112,U2206,林昀琉,Y1718,鄒祺興,富邦大中華成長基金,1488
15,20220114,A1405,曾添瑩,G1787,詹剛勝,富邦精銳中小基金,2500
16,20220116,K2546,賴芯菡,Z2432,鄭慧飛,富邦吉祥貨幣市場基金,2191
17,20220117,Y2145,魏宛禹,G1787,詹剛勝,富邦全球投資等級債券,1724
18,20220117,V1046,陳濮舒,Z2432,鄭慧飛,富邦全球投資等級債券,3534
19,20220118,W1150,洪林歆,O1949,周塵文,富邦精銳中小基金,4499
20,20220120,B1436,吳光磊,I1055,張實豪,富邦全球不動產基金,1832
21,20220121,Y2145,魏宛禹,C2834,王亞鬆,富邦長紅基金,3150
22,20220122,A1405,曾添瑩,Y1718,鄒祺興,富邦科技基金富邦台灣心基金,305
23,20220123,U2206,林昀琉,A2401,顏平言,富邦全球不動產基金,2269
24,20220123,V1046,陳濮舒,U2636,江可微,富邦精銳中小基金,2064
25,20220124,X2889,魏于嬋,C2526,王喧海,富邦長紅基金,2646
26,20220124,F2871,黎奕舒,B2099,洪安文,富邦全球不動產基金,1406
27,20220125,U2206,林昀琉,C2526,王喧海,富邦科技基金富邦台灣心基金,3284
28,20220125,Y2145,魏宛禹,E2600,林銀霞,富邦全球不動產基金,4837
29,20220126,V1046,陳濮舒,U1092,王曉明,富邦長紅基金,3976
30,20220127,Y2145,魏宛禹,O1949,周塵文,富邦吉祥貨幣市場基金,1195
31,20220128,F2871,黎奕舒,C2526,王喧海,富邦長紅基金,4386
32,20220129,X2889,魏于嬋,X1422,吳光理,富邦精銳中小基金,1239
33,20220129,K2546,賴芯菡,I1055,張實豪,富邦全球不動產基金,4842
34,20220131,X2889,魏于嬋,I1055,張實豪,富邦大中華成長基金,474
35,20220131,Y2145,魏宛禹,U1092,王曉明,富邦全球投資等級債券,4123
36,20220201,Y2145,魏宛禹,X1760,賴凰鳴,富邦全球不動產基金,3205
37,20220201,Y2145,魏宛禹,U2636,江可微,富邦大中華成長基金,2213
38,20220202,X2889,魏于嬋,X1760,賴凰鳴,富邦全球不動產基金,1930
39,20220202,B1436,吳光磊,X1422,吳光理,富邦吉祥貨幣市場基金,2318
40,20220203,U2206,林昀琉,C2834,王亞鬆,富邦高成長基金,3115
41,20220203,L2699,黃容旭,D1287,田杉遠,富邦長紅基金,3529
42,20220204,F2871,黎奕舒,Y1718,鄒祺興,富邦精銳中小基金,3402
43,20220207,L2699,黃容旭,O2672,孫捷玟,富邦吉祥貨幣市場基金,4249
44,20220207,K2546,賴芯菡,U1092,王曉明,富邦長紅基金,4449
45,20220208,V1046,陳濮舒,U2636,江可微,富邦精銳中小基金,342
46,20220209,B1436,吳光磊,Y1718,鄒祺興,富邦精準基金,4969
47,20220209,K2546,賴芯菡,C2834,王亞鬆,富邦長紅基金,993
48,20220209,F2871,黎奕舒,H2664,林丹雨,富邦精銳中小基金,832
49,20220210,F2871,黎奕舒,C2526,王喧海,富邦長紅基金,3563
50,20220210,Y2145,魏宛禹,H2664,林丹雨,富邦精銳中小基金,4783
51,20220210,U2206,林昀琉,G1787,詹剛勝,富邦精銳中小基金,849
52,20220210,F2871,黎奕舒,A1849,王斯運,富邦全球不動產基金,4465
53,20220212,X2889,魏于嬋,C2526,王喧海,富邦精準基金,2620
54,20220213,L2699,黃容旭,X1760,賴凰鳴,富邦全球不動產基金,1577
55,20220213,K2546,賴芯菡,X1422,吳光理,富邦精銳中小基金,4609
56,20220214,Y2145,魏宛禹,B2099,洪安文,富邦科技基金富邦台灣心基金,1899
57,20220214,U2206,林昀琉,D1287,田杉遠,富邦精銳中小基金,992
58,20220218,Y2145,魏宛禹,X1422,吳光理,富邦全球投資等級債券,3641
59,20220219,W1150,洪林歆,G1787,詹剛勝,富邦大中華成長基金,311
60,20220219,Y2145,魏宛禹,B2099,洪安文,富邦大中華成長基金,1065
61,20220220,X2889,魏于嬋,A1849,王斯運,富邦長紅基金,4849
62,20220220,A1405,曾添瑩,O2672,孫捷玟,富邦全球不動產基金,4646
63,20220221,X2889,魏于嬋,O1949,周塵文,富邦精準基金,4789
64,20220222,B1436,吳光磊,A1849,王斯運,富邦全球投資等級債券,492
65,20220224,K2546,賴芯菡,C2834,王亞鬆,富邦精銳中小基金,1408
66,20220225,Y2145,魏宛禹,C2526,王喧海,富邦精銳中小基金,1676
67,20220225,B1436,吳光磊,X1760,賴凰鳴,富邦科技基金富邦台灣心基金,1206
68,20220225,X2889,魏于嬋,C2834,王亞鬆,富邦全球投資等級債券,3440
69,20220227,K2546,賴芯菡,A2401,顏平言,富邦大中華成長基金,1125
70,20220301,L2699,黃容旭,O2672,孫捷玟,富邦長紅基金,2609
71,20220301,A1405,曾添瑩,X1760,賴凰鳴,富邦精銳中小基金,2318
72,20220302,K2546,賴芯菡,A2401,顏平言,富邦高成長基金,687
73,20220303,L2699,黃容旭,D1287,田杉遠,富邦長紅基金,599
74,20220304,A1405,曾添瑩,E2600,林銀霞,富邦大中華成長基金,2228
75,20220304,U2206,林昀琉,H2664,林丹雨,富邦精銳中小基金,3754
76,20220304,Y2145,魏宛禹,D1287,田杉遠,富邦全球投資等級債券,1000
77,20220306,F2871,黎奕舒,H2664,林丹雨,富邦精銳中小基金,1462
78,20220306,L2699,黃容旭,X1422,吳光理,富邦高成長基金,4292
79,20220306,V1046,陳濮舒,X1760,賴凰鳴,富邦全球不動產基金,4453
80,20220306,W1150,洪林歆,I1055,張實豪,富邦精準基金,946
81,20220307,B1436,吳光磊,J2985,胡正爾,富邦全球投資等級債券,4374
82,20220307,A1405,曾添瑩,O2672,孫捷玟,富邦精準基金,1934
83,20220310,X2889,魏于嬋,D1287,田杉遠,富邦大中華成長基金,4220
84,20220310,B1436,吳光磊,Z2432,鄭慧飛,富邦高成長基金,2428
85,20220311,Y2145,魏宛禹,O2672,孫捷玟,富邦高成長基金,3339
86,20220312,F2871,黎奕舒,C2526,王喧海,富邦全球投資等級債券,4768
87,20220312,A1405,曾添瑩,G1787,詹剛勝,富邦科技基金富邦台灣心基金,2066
88,20220313,K2546,賴芯菡,O1949,周塵文,富邦精銳中小基金,3729
89,20220313,U2206,林昀琉,G1787,詹剛勝,富邦精銳中小基金,3596
90,20220313,W1150,洪林歆,Z2432,鄭慧飛,富邦吉祥貨幣市場基金,280
91,20220314,K2546,賴芯菡,I1055,張實豪,富邦全球投資等級債券,1780
92,20220315,L2699,黃容旭,J2985,胡正爾,富邦精銳中小基金,3313
93,20220315,X2889,魏于嬋,U2636,江可微,富邦大中華成長基金,3402
94,20220316,X2889,魏于嬋,W2337,涂玉芸,富邦精準基金,4739
95,20220317,V1046,陳濮舒,E2600,林銀霞,富邦高成長基金,4065
96,20220319,V1046,陳濮舒,Z2432,鄭慧飛,富邦科技基金富邦台灣心基金,193
97,20220319,B1436,吳光磊,U1092,王曉明,富邦大中華成長基金,534
98,20220320,X2889,魏于嬋,Y1718,鄒祺興,富邦長紅基金,300
99,20220322,K2546,賴芯菡,B2099,洪安文,富邦精準基金,1370
100,20220323,U2206,林昀琉,X1422,吳光理,富邦科技基金富邦台灣心基金,3123
101,20220324,U2206,林昀琉,X1422,吳光理,富邦吉祥貨幣市場基金,2041
102,20220325,B1436,吳光磊,E2600,林銀霞,富邦高成長基金,2788
103,20220325,Y2145,魏宛禹,A2401,顏平言,富邦長紅基金,3038
104,20220325,X2889,魏于嬋,U2636,江可微,富邦高成長基金,2337
105,20220326,B1436,吳光磊,B2099,洪安文,富邦精銳中小基金,652
106,20220327,F2871,黎奕舒,Z2432,鄭慧飛,富邦高成長基金,4941
107,20220328,K2546,賴芯菡,E2600,林銀霞,富邦長紅基金,2092
108,20220328,K2546,賴芯菡,C2526,王喧海,富邦科技基金富邦台灣心基金,2527
109,20220328,W1150,洪林歆,B2099,洪安文,富邦精銳中小基金,2202
110,20220330,L2699,黃容旭,X1422,吳光理,富邦全球不動產基金,3502
111,20220330,K2546,賴芯菡,X1422,吳光理,富邦精銳中小基金,1959
112,20220330,V1046,陳濮舒,C2834,王亞鬆,富邦大中華成長基金,4515
113,20220330,B1436,吳光磊,G1787,詹剛勝,富邦長紅基金,4815
114,20220331,Y2145,魏宛禹,B2099,洪安文,富邦大中華成長基金,4132
115,20220401,L2699,黃容旭,J2985,胡正爾,富邦大中華成長基金,2464
116,20220402,L2699,黃容旭,O1949,周塵文,富邦精準基金,2662
117,20220402,F2871,黎奕舒,A2401,顏平言,富邦吉祥貨幣市場基金,3701
118,20220403,L2699,黃容旭,A2401,顏平言,富邦精準基金,4455
119,20220403,B1436,吳光磊,U1092,王曉明,富邦高成長基金,4499
120,20220403,L2699,黃容旭,U1092,王曉明,富邦精銳中小基金,4061
121,20220406,F2871,黎奕舒,U2636,江可微,富邦大中華成長基金,2291
122,20220406,A1405,曾添瑩,B2099,洪安文,富邦精準基金,4651
123,20220406,X2889,魏于嬋,Y1718,鄒祺興,富邦精銳中小基金,1697
124,20220407,L2699,黃容旭,A1849,王斯運,富邦精準基金,3343
125,20220408,L2699,黃容旭,I1055,張實豪,富邦精銳中小基金,3612
126,20220411,X2889,魏于嬋,G1787,詹剛勝,富邦精準基金,1651
127,20220411,A1405,曾添瑩,D1287,田杉遠,富邦吉祥貨幣市場基金,4582
128,20220412,B1436,吳光磊,A1849,王斯運,富邦高成長基金,4662
129,20220412,X2889,魏于嬋,A1849,王斯運,富邦精準基金,3374
130,20220413,X2889,魏于嬋,U2636,江可微,富邦精準基金,1333
131,20220414,U2206,林昀琉,U2636,江可微,富邦大中華成長基金,718
132,20220416,A1405,曾添瑩,A1849,王斯運,富邦全球不動產基金,1895
133,20220416,K2546,賴芯菡,Y1718,鄒祺興,富邦吉祥貨幣市場基金,1708
134,20220419,V1046,陳濮舒,C2834,王亞鬆,富邦長紅基金,2890
135,20220420,A1405,曾添瑩,A2401,顏平言,富邦精銳中小基金,4715
136,20220422,X2889,魏于嬋,D1287,田杉遠,富邦精準基金,4870
137,20220423,V1046,陳濮舒,U2636,江可微,富邦全球不動產基金,4031
138,20220423,B1436,吳光磊,A1849,王斯運,富邦吉祥貨幣市場基金,628
139,20220423,Y2145,魏宛禹,Y1718,鄒祺興,富邦吉祥貨幣市場基金,4050
140,20220424,L2699,黃容旭,O2672,孫捷玟,富邦高成長基金,1151
141,20220424,U2206,林昀琉,W2337,涂玉芸,富邦吉祥貨幣市場基金,1535
142,20220424,F2871,黎奕舒,A2401,顏平言,富邦吉祥貨幣市場基金,2667
143,20220425,L2699,黃容旭,U2636,江可微,富邦全球投資等級債券,1010
144,20220425,W1150,洪林歆,A1849,王斯運,富邦長紅基金,2249
145,20220425,W1150,洪林歆,H2664,林丹雨,富邦全球不動產基金,1504
146,20220426,A1405,曾添瑩,H2664,林丹雨,富邦吉祥貨幣市場基金,614
147,20220426,B1436,吳光磊,B2099,洪安文,富邦吉祥貨幣市場基金,330
148,20220426,F2871,黎奕舒,X1422,吳光理,富邦精準基金,2389
149,20220426,U2206,林昀琉,C2834,王亞鬆,富邦科技基金富邦台灣心基金,54
150,20220426,Y2145,魏宛禹,X1422,吳光理,富邦精準基金,1130
151,20220427,L2699,黃容旭,O2672,孫捷玟,富邦高成長基金,4267
152,20220429,Y2145,魏宛禹,O2672,孫捷玟,富邦高成長基金,4176
153,20220430,F2871,黎奕舒,U2636,江可微,富邦精準基金,494
154,20220430,X2889,魏于嬋,U1092,王曉明,富邦長紅基金,4626
155,20220430,K2546,賴芯菡,E2600,林銀霞,富邦精準基金,1329
156,20220430,W1150,洪林歆,X1760,賴凰鳴,富邦全球投資等級債券,4388
157,20220430,B1436,吳光磊,E2600,林銀霞,富邦高成長基金,2647
158,20220502,K2546,賴芯菡,X1422,吳光理,富邦大中華成長基金,4464
159,20220503,X2889,魏于嬋,B2099,洪安文,富邦全球投資等級債券,2813
160,20220503,V1046,陳濮舒,U2636,江可微,富邦精準基金,1730
161,20220504,B1436,吳光磊,H2664,林丹雨,富邦長紅基金,1391
162,20220504,U2206,林昀琉,I1055,張實豪,富邦全球不動產基金,3824
163,20220505,B1436,吳光磊,W2337,涂玉芸,富邦精銳中小基金,2721
164,20220506,L2699,黃容旭,A2401,顏平言,富邦長紅基金,3888
165,20220507,X2889,魏于嬋,Z2432,鄭慧飛,富邦全球投資等級債券,3827
166,20220508,F2871,黎奕舒,C2834,王亞鬆,富邦精準基金,1985
167,20220509,K2546,賴芯菡,X1760,賴凰鳴,富邦長紅基金,230
168,20220510,B1436,吳光磊,B2099,洪安文,富邦科技基金富邦台灣心基金,2890
169,20220512,A1405,曾添瑩,O1949,周塵文,富邦精銳中小基金,2370
170,20220513,V1046,陳濮舒,C2834,王亞鬆,富邦高成長基金,565
171,20220513,V1046,陳濮舒,J2985,胡正爾,富邦精準基金,2494
172,20220513,V1046,陳濮舒,B2099,洪安文,富邦長紅基金,4233
173,20220513,K2546,賴芯菡,U2636,江可微,富邦吉祥貨幣市場基金,1882
174,20220513,B1436,吳光磊,U1092,王曉明,富邦大中華成長基金,3261
175,20220515,U2206,林昀琉,E2600,林銀霞,富邦吉祥貨幣市場基金,1961
176,20220515,F2871,黎奕舒,U2636,江可微,富邦精銳中小基金,2376
177,20220515,Y2145,魏宛禹,J2985,胡正爾,富邦高成長基金,2057
178,20220515,B1436,吳光磊,B2099,洪安文,富邦全球不動產基金,359
179,20220516,U2206,林昀琉,C2526,王喧海,富邦吉祥貨幣市場基金,4951
180,20220516,Y2145,魏宛禹,E2600,林銀霞,富邦吉祥貨幣市場基金,1354
181,20220517,X2889,魏于嬋,O1949,周塵文,富邦科技基金富邦台灣心基金,4933
182,20220519,F2871,黎奕舒,G1787,詹剛勝,富邦精銳中小基金,3719
183,20220520,L2699,黃容旭,O2672,孫捷玟,富邦全球不動產基金,1165
184,20220520,L2699,黃容旭,U1092,王曉明,富邦精準基金,471
185,20220521,L2699,黃容旭,D1287,田杉遠,富邦大中華成長基金,3381
186,20220523,X2889,魏于嬋,C2526,王喧海,富邦大中華成長基金,2421
187,20220524,F2871,黎奕舒,Y1718,鄒祺興,富邦長紅基金,2386
188,20220524,K2546,賴芯菡,I1055,張實豪,富邦科技基金富邦台灣心基金,3972
189,20220525,F2871,黎奕舒,D1287,田杉遠,富邦長紅基金,4362
190,20220526,A1405,曾添瑩,W2337,涂玉芸,富邦高成長基金,4748
191,20220526,V1046,陳濮舒,W2337,涂玉芸,富邦精準基金,2768
192,20220526,X2889,魏于嬋,D1287,田杉遠,富邦科技基金富邦台灣心基金,782
193,20220527,X2889,魏于嬋,J2985,胡正爾,富邦高成長基金,213
194,20220528,X2889,魏于嬋,X1422,吳光理,富邦科技基金富邦台灣心基金,4057
195,20220528,V1046,陳濮舒,X1760,賴凰鳴,富邦精準基金,1802
196,20220528,L2699,黃容旭,W2337,涂玉芸,富邦全球投資等級債券,2497
197,20220529,B1436,吳光磊,Z2432,鄭慧飛,富邦高成長基金,1217
198,20220529,K2546,賴芯菡,C2834,王亞鬆,富邦長紅基金,833
199,20220529,A1405,曾添瑩,U2636,江可微,富邦精準基金,2200
200,20220529,U2206,林昀琉,W2337,涂玉芸,富邦大中華成長基金,1595
201,20220531,Y2145,魏宛禹,X1422,吳光理,富邦精銳中小基金,4664
202,20220531,V1046,陳濮舒,C2526,王喧海,富邦全球不動產基金,1174
203,20220602,W1150,洪林歆,Y1718,鄒祺興,富邦長紅基金,3325
204,20220602,L2699,黃容旭,O1949,周塵文,富邦長紅基金,1692
205,20220602,X2889,魏于嬋,J2985,胡正爾,富邦精銳中小基金,2283
206,20220603,L2699,黃容旭,I1055,張實豪,富邦全球投資等級債券,3659
207,20220605,F2871,黎奕舒,Y1718,鄒祺興,富邦大中華成長基金,2145
208,20220607,W1150,洪林歆,W2337,涂玉芸,富邦全球投資等級債券,2052
209,20220608,L2699,黃容旭,I1055,張實豪,富邦科技基金富邦台灣心基金,1227
210,20220609,U2206,林昀琉,Y1718,鄒祺興,富邦全球投資等級債券,3155
211,20220609,V1046,陳濮舒,H2664,林丹雨,富邦吉祥貨幣市場基金,2613
212,20220610,L2699,黃容旭,U2636,江可微,富邦精銳中小基金,4577
213,20220611,U2206,林昀琉,G1787,詹剛勝,富邦吉祥貨幣市場基金,134
214,20220611,V1046,陳濮舒,H2664,林丹雨,富邦精準基金,989
215,20220612,V1046,陳濮舒,Z2432,鄭慧飛,富邦精準基金,3470
216,20220613,B1436,吳光磊,C2834,王亞鬆,富邦大中華成長基金,4770
217,20220613,F2871,黎奕舒,W2337,涂玉芸,富邦高成長基金,4989
218,20220613,W1150,洪林歆,C2834,王亞鬆,富邦長紅基金,1814
219,20220614,V1046,陳濮舒,X1422,吳光理,富邦大中華成長基金,4855
220,20220615,X2889,魏于嬋,C2526,王喧海,富邦長紅基金,2706
221,20220615,X2889,魏于嬋,X1760,賴凰鳴,富邦精銳中小基金,1970
222,20220615,W1150,洪林歆,E2600,林銀霞,富邦精準基金,4823
223,20220616,B1436,吳光磊,X1422,吳光理,富邦精準基金,295
224,20220616,A1405,曾添瑩,U1092,王曉明,富邦精準基金,4030
225,20220616,Y2145,魏宛禹,O1949,周塵文,富邦精準基金,4858
226,20220617,X2889,魏于嬋,W2337,涂玉芸,富邦全球不動產基金,976
227,20220617,B1436,吳光磊,J2985,胡正爾,富邦精準基金,2420
228,20220618,X2889,魏于嬋,U1092,王曉明,富邦全球不動產基金,4534
229,20220619,X2889,魏于嬋,I1055,張實豪,富邦全球投資等級債券,1165
230,20220620,L2699,黃容旭,W2337,涂玉芸,富邦吉祥貨幣市場基金,4493
231,20220620,K2546,賴芯菡,O2672,孫捷玟,富邦精準基金,1101
232,20220620,Y2145,魏宛禹,C2526,王喧海,富邦全球投資等級債券,2892
233,20220621,X2889,魏于嬋,H2664,林丹雨,富邦長紅基金,3257
234,20220621,L2699,黃容旭,O1949,周塵文,富邦精準基金,2316
235,20220622,W1150,洪林歆,I1055,張實豪,富邦長紅基金,2202
236,20220624,V1046,陳濮舒,C2834,王亞鬆,富邦全球投資等級債券,3116
237,20220624,V1046,陳濮舒,C2526,王喧海,富邦科技基金富邦台灣心基金,604
238,20220625,Y2145,魏宛禹,I1055,張實豪,富邦高成長基金,4257
239,20220626,X2889,魏于嬋,X1760,賴凰鳴,富邦精銳中小基金,3467
240,20220626,V1046,陳濮舒,W2337,涂玉芸,富邦大中華成長基金,4663
241,20220627,K2546,賴芯菡,E2600,林銀霞,富邦全球投資等級債券,3334
242,20220627,V1046,陳濮舒,O1949,周塵文,富邦大中華成長基金,88
243,20220628,X2889,魏于嬋,D1287,田杉遠,富邦精準基金,4371
244,20220628,K2546,賴芯菡,O1949,周塵文,富邦全球不動產基金,1065
245,20220628,K2546,賴芯菡,X1422,吳光理,富邦全球不動產基金,2027
246,20220629,U2206,林昀琉,E2600,林銀霞,富邦精準基金,4930
247,20220629,B1436,吳光磊,W2337,涂玉芸,富邦全球投資等級債券,2177
248,20220629,B1436,吳光磊,O1949,周塵文,富邦長紅基金,3636
249,20220701,V1046,陳濮舒,C2526,王喧海,富邦科技基金富邦台灣心基金,4049
250,20220701,B1436,吳光磊,G1787,詹剛勝,富邦長紅基金,4241
251,20220702,A1405,曾添瑩,E2600,林銀霞,富邦精銳中小基金,1558
252,20220703,A1405,曾添瑩,X1422,吳光理,富邦精準基金,1269
253,20220704,B1436,吳光磊,C2834,王亞鬆,富邦科技基金富邦台灣心基金,125
254,20220704,W1150,洪林歆,C2526,王喧海,富邦全球不動產基金,4003
255,20220705,W1150,洪林歆,A1849,王斯運,富邦吉祥貨幣市場基金,4522
256,20220705,B1436,吳光磊,U1092,王曉明,富邦精準基金,1003
257,20220706,K2546,賴芯菡,W2337,涂玉芸,富邦高成長基金,1607
258,20220706,V1046,陳濮舒,O2672,孫捷玟,富邦吉祥貨幣市場基金,4773
259,20220706,Y2145,魏宛禹,A2401,顏平言,富邦精銳中小基金,4172
260,20220706,X2889,魏于嬋,D1287,田杉遠,富邦精銳中小基金,2175
261,20220707,X2889,魏于嬋,C2526,王喧海,富邦吉祥貨幣市場基金,558
262,20220707,A1405,曾添瑩,A1849,王斯運,富邦全球投資等級債券,814
263,20220707,Y2145,魏宛禹,D1287,田杉遠,富邦精準基金,1066
264,20220708,U2206,林昀琉,U1092,王曉明,富邦高成長基金,1528
265,20220708,V1046,陳濮舒,O2672,孫捷玟,富邦吉祥貨幣市場基金,3032
266,20220710,X2889,魏于嬋,H2664,林丹雨,富邦科技基金富邦台灣心基金,1527
267,20220710,A1405,曾添瑩,E2600,林銀霞,富邦吉祥貨幣市場基金,4225
268,20220711,L2699,黃容旭,Z2432,鄭慧飛,富邦全球不動產基金,2185
269,20220712,A1405,曾添瑩,X1422,吳光理,富邦吉祥貨幣市場基金,411
270,20220712,L2699,黃容旭,D1287,田杉遠,富邦精準基金,2782
271,20220713,U2206,林昀琉,Y1718,鄒祺興,富邦大中華成長基金,3908
272,20220713,X2889,魏于嬋,H2664,林丹雨,富邦高成長基金,1771
273,20220713,A1405,曾添瑩,J2985,胡正爾,富邦吉祥貨幣市場基金,695
274,20220714,U2206,林昀琉,Y1718,鄒祺興,富邦精準基金,3707
275,20220714,F2871,黎奕舒,D1287,田杉遠,富邦吉祥貨幣市場基金,3176
276,20220716,K2546,賴芯菡,O1949,周塵文,富邦高成長基金,1909
277,20220718,W1150,洪林歆,B2099,洪安文,富邦長紅基金,351
278,20220719,A1405,曾添瑩,D1287,田杉遠,富邦精銳中小基金,846
279,20220720,A1405,曾添瑩,X1422,吳光理,富邦大中華成長基金,3479
280,20220720,K2546,賴芯菡,Y1718,鄒祺興,富邦全球不動產基金,4153
281,20220721,B1436,吳光磊,U1092,王曉明,富邦全球不動產基金,319
282,20220722,X2889,魏于嬋,O1949,周塵文,富邦長紅基金,3050
283,20220723,V1046,陳濮舒,X1760,賴凰鳴,富邦精銳中小基金,757
284,20220723,F2871,黎奕舒,H2664,林丹雨,富邦高成長基金,2182
285,20220723,B1436,吳光磊,J2985,胡正爾,富邦科技基金富邦台灣心基金,4863
286,20220723,B1436,吳光磊,C2834,王亞鬆,富邦精準基金,2630
287,20220724,U2206,林昀琉,G1787,詹剛勝,富邦長紅基金,4394
288,20220725,B1436,吳光磊,A1849,王斯運,富邦高成長基金,906
289,20220725,K2546,賴芯菡,I1055,張實豪,富邦大中華成長基金,4613
290,20220726,V1046,陳濮舒,X1760,賴凰鳴,富邦高成長基金,1725
291,20220728,A1405,曾添瑩,J2985,胡正爾,富邦長紅基金,1925
292,20220728,K2546,賴芯菡,E2600,林銀霞,富邦長紅基金,2095
293,20220730,Y2145,魏宛禹,O1949,周塵文,富邦科技基金富邦台灣心基金,4270
294,20220730,Y2145,魏宛禹,B2099,洪安文,富邦長紅基金,1064
295,20220801,A1405,曾添瑩,O2672,孫捷玟,富邦高成長基金,4567
296,20220802,Y2145,魏宛禹,Y1718,鄒祺興,富邦精準基金,3271
297,20220803,W1150,洪林歆,U1092,王曉明,富邦科技基金富邦台灣心基金,4980
298,20220803,B1436,吳光磊,U1092,王曉明,富邦全球投資等級債券,2516
299,20220803,X2889,魏于嬋,X1760,賴凰鳴,富邦大中華成長基金,3628
300,20220803,L2699,黃容旭,J2985,胡正爾,富邦全球投資等級債券,1148
301,20220804,X2889,魏于嬋,C2834,王亞鬆,富邦高成長基金,2670
302,20220804,V1046,陳濮舒,C2526,王喧海,富邦大中華成長基金,2626
303,20220806,U2206,林昀琉,A2401,顏平言,富邦精銳中小基金,2170
304,20220807,L2699,黃容旭,O2672,孫捷玟,富邦全球不動產基金,4732
305,20220807,A1405,曾添瑩,U1092,王曉明,富邦吉祥貨幣市場基金,4817
306,20220808,A1405,曾添瑩,C2526,王喧海,富邦精準基金,2400
307,20220808,F2871,黎奕舒,G1787,詹剛勝,富邦精銳中小基金,3462
308,20220809,L2699,黃容旭,U1092,王曉明,富邦科技基金富邦台灣心基金,850
309,20220809,F2871,黎奕舒,C2526,王喧海,富邦全球不動產基金,880
310,20220810,V1046,陳濮舒,C2526,王喧海,富邦精準基金,3608
311,20220810,B1436,吳光磊,E2600,林銀霞,富邦全球不動產基金,3270
312,20220810,A1405,曾添瑩,A1849,王斯運,富邦長紅基金,4590
313,20220811,F2871,黎奕舒,X1422,吳光理,富邦大中華成長基金,4493
314,20220812,F2871,黎奕舒,O1949,周塵文,富邦精準基金,228
315,20220812,X2889,魏于嬋,X1422,吳光理,富邦長紅基金,4738
316,20220812,F2871,黎奕舒,D1287,田杉遠,富邦吉祥貨幣市場基金,4290
317,20220814,F2871,黎奕舒,Y1718,鄒祺興,富邦精銳中小基金,1729
318,20220815,Y2145,魏宛禹,C2526,王喧海,富邦長紅基金,1998
319,20220816,W1150,洪林歆,E2600,林銀霞,富邦吉祥貨幣市場基金,2961
320,20220817,W1150,洪林歆,X1760,賴凰鳴,富邦全球投資等級債券,3833
321,20220817,U2206,林昀琉,O1949,周塵文,富邦吉祥貨幣市場基金,177
322,20220818,U2206,林昀琉,E2600,林銀霞,富邦全球投資等級債券,3949
323,20220819,B1436,吳光磊,O1949,周塵文,富邦精準基金,3698
324,20220820,L2699,黃容旭,C2834,王亞鬆,富邦精準基金,656
325,20220820,Y2145,魏宛禹,B2099,洪安文,富邦全球投資等級債券,2944
326,20220820,Y2145,魏宛禹,C2526,王喧海,富邦高成長基金,912
327,20220822,Y2145,魏宛禹,W2337,涂玉芸,富邦全球投資等級債券,1844
328,20220822,L2699,黃容旭,D1287,田杉遠,富邦高成長基金,498
329,20220823,K2546,賴芯菡,Y1718,鄒祺興,富邦長紅基金,2663
330,20220823,K2546,賴芯菡,G1787,詹剛勝,富邦吉祥貨幣市場基金,1795
331,20220825,F2871,黎奕舒,G1787,詹剛勝,富邦精銳中小基金,3399
332,20220825,W1150,洪林歆,Z2432,鄭慧飛,富邦全球不動產基金,2416
333,20220825,A1405,曾添瑩,J2985,胡正爾,富邦高成長基金,1358
334,20220827,L2699,黃容旭,O1949,周塵文,富邦精銳中小基金,789
335,20220827,X2889,魏于嬋,U2636,江可微,富邦長紅基金,4403
336,20220828,A1405,曾添瑩,O2672,孫捷玟,富邦全球不動產基金,2692
337,20220829,L2699,黃容旭,C2526,王喧海,富邦長紅基金,2582
338,20220830,K2546,賴芯菡,C2526,王喧海,富邦全球不動產基金,2152
339,20220830,K2546,賴芯菡,A2401,顏平言,富邦長紅基金,3559
340,20220830,F2871,黎奕舒,Y1718,鄒祺興,富邦全球投資等級債券,3788
341,20220831,B1436,吳光磊,C2834,王亞鬆,富邦精銳中小基金,173
342,20220831,Y2145,魏宛禹,A1849,王斯運,富邦精銳中小基金,932
343,20220831,F2871,黎奕舒,D1287,田杉遠,富邦全球投資等級債券,2489
344,20220831,V1046,陳濮舒,O1949,周塵文,富邦吉祥貨幣市場基金,2393
345,20220901,A1405,曾添瑩,B2099,洪安文,富邦吉祥貨幣市場基金,4984
346,20220901,F2871,黎奕舒,U1092,王曉明,富邦長紅基金,872
347,20220902,W1150,洪林歆,Z2432,鄭慧飛,富邦精銳中小基金,238
348,20220902,L2699,黃容旭,A2401,顏平言,富邦吉祥貨幣市場基金,903
349,20220903,U2206,林昀琉,A2401,顏平言,富邦吉祥貨幣市場基金,4331
350,20220903,B1436,吳光磊,O1949,周塵文,富邦精銳中小基金,2702
351,20220904,A1405,曾添瑩,C2526,王喧海,富邦全球投資等級債券,3079
352,20220904,K2546,賴芯菡,J2985,胡正爾,富邦精銳中小基金,3884
353,20220905,Y2145,魏宛禹,X1760,賴凰鳴,富邦吉祥貨幣市場基金,3384
354,20220905,L2699,黃容旭,J2985,胡正爾,富邦長紅基金,4730
355,20220906,U2206,林昀琉,E2600,林銀霞,富邦精準基金,956
356,20220907,X2889,魏于嬋,U1092,王曉明,富邦吉祥貨幣市場基金,4225
357,20220907,A1405,曾添瑩,Z2432,鄭慧飛,富邦高成長基金,2768
358,20220908,Y2145,魏宛禹,J2985,胡正爾,富邦高成長基金,1283
359,20220909,F2871,黎奕舒,X1760,賴凰鳴,富邦大中華成長基金,1982
360,20220912,V1046,陳濮舒,X1422,吳光理,富邦長紅基金,3874
361,20220913,B1436,吳光磊,Z2432,鄭慧飛,富邦大中華成長基金,256
362,20220915,U2206,林昀琉,B2099,洪安文,富邦吉祥貨幣市場基金,874
363,20220915,X2889,魏于嬋,D1287,田杉遠,富邦全球不動產基金,4039
364,20220916,K2546,賴芯菡,D1287,田杉遠,富邦全球不動產基金,2510
365,20220918,L2699,黃容旭,E2600,林銀霞,富邦吉祥貨幣市場基金,3134
366,20220918,X2889,魏于嬋,O2672,孫捷玟,富邦精準基金,1764
367,20220918,K2546,賴芯菡,D1287,田杉遠,富邦全球投資等級債券,2686
368,20220919,B1436,吳光磊,Z2432,鄭慧飛,富邦長紅基金,3182
369,20220919,W1150,洪林歆,X1760,賴凰鳴,富邦高成長基金,2091
370,20220920,Y2145,魏宛禹,D1287,田杉遠,富邦吉祥貨幣市場基金,1610
371,20220921,V1046,陳濮舒,A2401,顏平言,富邦科技基金富邦台灣心基金,4389
372,20220921,X2889,魏于嬋,X1422,吳光理,富邦精準基金,711
373,20220923,U2206,林昀琉,A2401,顏平言,富邦全球投資等級債券,1394
374,20220923,V1046,陳濮舒,H2664,林丹雨,富邦大中華成長基金,1184
375,20220924,A1405,曾添瑩,O2672,孫捷玟,富邦全球不動產基金,4281
376,20220924,W1150,洪林歆,B2099,洪安文,富邦全球不動產基金,276
377,20220924,B1436,吳光磊,H2664,林丹雨,富邦全球投資等級債券,4807
378,20220924,L2699,黃容旭,G1787,詹剛勝,富邦精銳中小基金,4317
379,20220925,K2546,賴芯菡,H2664,林丹雨,富邦精準基金,2173
380,20220925,F2871,黎奕舒,U1092,王曉明,富邦全球投資等級債券,4072
381,20220926,A1405,曾添瑩,H2664,林丹雨,富邦高成長基金,3645
382,20220929,U2206,林昀琉,A2401,顏平言,富邦長紅基金,4899
383,20220929,W1150,洪林歆,J2985,胡正爾,富邦全球不動產基金,357
384,20220930,B1436,吳光磊,X1760,賴凰鳴,富邦長紅基金,637
385,20220930,U2206,林昀琉,H2664,林丹雨,富邦全球不動產基金,3064
386,20221002,B1436,吳光磊,U1092,王曉明,富邦大中華成長基金,2729
387,20221004,Y2145,魏宛禹,J2985,胡正爾,富邦全球不動產基金,3483
388,20221005,X2889,魏于嬋,D1287,田杉遠,富邦長紅基金,4190
389,20221007,L2699,黃容旭,C2526,王喧海,富邦全球不動產基金,303
390,20221009,A1405,曾添瑩,O1949,周塵文,富邦吉祥貨幣市場基金,4519
391,20221009,K2546,賴芯菡,W2337,涂玉芸,富邦精準基金,2155
392,20221009,X2889,魏于嬋,U2636,江可微,富邦全球投資等級債券,2957
393,20221010,A1405,曾添瑩,I1055,張實豪,富邦大中華成長基金,4286
394,20221010,L2699,黃容旭,H2664,林丹雨,富邦高成長基金,1749
395,20221011,X2889,魏于嬋,I1055,張實豪,富邦吉祥貨幣市場基金,4494
396,20221012,F2871,黎奕舒,C2834,王亞鬆,富邦全球不動產基金,4346
397,20221012,L2699,黃容旭,E2600,林銀霞,富邦全球投資等級債券,4457
398,20221013,V1046,陳濮舒,J2985,胡正爾,富邦精準基金,475
399,20221013,F2871,黎奕舒,I1055,張實豪,富邦精準基金,2338
400,20221014,L2699,黃容旭,U1092,王曉明,富邦精準基金,1013
401,20221015,L2699,黃容旭,W2337,涂玉芸,富邦精銳中小基金,4561
402,20221015,U2206,林昀琉,W2337,涂玉芸,富邦全球不動產基金,2052
403,20221017,U2206,林昀琉,B2099,洪安文,富邦科技基金富邦台灣心基金,1092
404,20221017,B1436,吳光磊,U2636,江可微,富邦大中華成長基金,4736
405,20221017,U2206,林昀琉,U1092,王曉明,富邦全球不動產基金,524
406,20221018,V1046,陳濮舒,B2099,洪安文,富邦精準基金,3244
407,20221019,X2889,魏于嬋,I1055,張實豪,富邦全球投資等級債券,3195
408,20221020,L2699,黃容旭,J2985,胡正爾,富邦精銳中小基金,2996
409,20221020,B1436,吳光磊,J2985,胡正爾,富邦長紅基金,3451
410,20221020,K2546,賴芯菡,X1760,賴凰鳴,富邦大中華成長基金,1714
411,20221021,X2889,魏于嬋,G1787,詹剛勝,富邦全球不動產基金,4768
412,20221022,Y2145,魏宛禹,X1760,賴凰鳴,富邦長紅基金,2903
413,20221022,B1436,吳光磊,O1949,周塵文,富邦精銳中小基金,4882
414,20221022,U2206,林昀琉,Z2432,鄭慧飛,富邦科技基金富邦台灣心基金,906
415,20221023,K2546,賴芯菡,B2099,洪安文,富邦精準基金,1391
416,20221024,V1046,陳濮舒,C2834,王亞鬆,富邦精準基金,4778
417,20221024,U2206,林昀琉,X1422,吳光理,富邦科技基金富邦台灣心基金,2122
418,20221024,W1150,洪林歆,B2099,洪安文,富邦吉祥貨幣市場基金,1412
419,20221026,W1150,洪林歆,O2672,孫捷玟,富邦精銳中小基金,3821
420,20221027,V1046,陳濮舒,C2526,王喧海,富邦全球不動產基金,2710
421,20221027,L2699,黃容旭,A2401,顏平言,富邦全球投資等級債券,4795
422,20221028,U2206,林昀琉,Z2432,鄭慧飛,富邦全球投資等級債券,1802
423,20221028,Y2145,魏宛禹,D1287,田杉遠,富邦吉祥貨幣市場基金,1007
424,20221029,V1046,陳濮舒,Y1718,鄒祺興,富邦精準基金,3725
425,20221030,V1046,陳濮舒,O1949,周塵文,富邦長紅基金,1154
426,20221030,X2889,魏于嬋,B2099,洪安文,富邦吉祥貨幣市場基金,4949
427,20221102,L2699,黃容旭,I1055,張實豪,富邦高成長基金,1018
428,20221102,F2871,黎奕舒,A2401,顏平言,富邦精銳中小基金,3208
429,20221102,W1150,洪林歆,X1760,賴凰鳴,富邦科技基金富邦台灣心基金,3638
430,20221102,F2871,黎奕舒,D1287,田杉遠,富邦全球不動產基金,1382
431,20221102,L2699,黃容旭,W2337,涂玉芸,富邦高成長基金,872
432,20221103,Y2145,魏宛禹,D1287,田杉遠,富邦吉祥貨幣市場基金,3424
433,20221103,U2206,林昀琉,U1092,王曉明,富邦科技基金富邦台灣心基金,1322
434,20221104,U2206,林昀琉,C2526,王喧海,富邦高成長基金,4958
435,20221104,K2546,賴芯菡,X1422,吳光理,富邦全球不動產基金,4859
436,20221104,L2699,黃容旭,X1422,吳光理,富邦大中華成長基金,2573
437,20221104,V1046,陳濮舒,Y1718,鄒祺興,富邦大中華成長基金,2994
438,20221105,Y2145,魏宛禹,O2672,孫捷玟,富邦大中華成長基金,2414
439,20221105,K2546,賴芯菡,X1422,吳光理,富邦長紅基金,59
440,20221106,L2699,黃容旭,D1287,田杉遠,富邦全球投資等級債券,3329
441,20221107,L2699,黃容旭,E2600,林銀霞,富邦精準基金,3108
442,20221108,L2699,黃容旭,U1092,王曉明,富邦高成長基金,349
443,20221108,L2699,黃容旭,C2834,王亞鬆,富邦大中華成長基金,4734
444,20221109,U2206,林昀琉,O1949,周塵文,富邦長紅基金,862
445,20221110,A1405,曾添瑩,J2985,胡正爾,富邦長紅基金,1469
446,20221110,L2699,黃容旭,U1092,王曉明,富邦長紅基金,2213
447,20221113,A1405,曾添瑩,X1760,賴凰鳴,富邦長紅基金,719
448,20221115,W1150,洪林歆,U1092,王曉明,富邦高成長基金,2529
449,20221115,V1046,陳濮舒,U2636,江可微,富邦大中華成長基金,595
450,20221116,W1150,洪林歆,U2636,江可微,富邦科技基金富邦台灣心基金,3557
451,20221116,B1436,吳光磊,J2985,胡正爾,富邦大中華成長基金,1012
452,20221117,K2546,賴芯菡,U2636,江可微,富邦精銳中小基金,4735
453,20221117,X2889,魏于嬋,X1760,賴凰鳴,富邦全球不動產基金,2273
454,20221118,B1436,吳光磊,B2099,洪安文,富邦高成長基金,4647
455,20221118,X2889,魏于嬋,Z2432,鄭慧飛,富邦吉祥貨幣市場基金,2566
456,20221124,K2546,賴芯菡,C2526,王喧海,富邦科技基金富邦台灣心基金,3825
457,20221124,X2889,魏于嬋,X1422,吳光理,富邦吉祥貨幣市場基金,1803
458,20221124,V1046,陳濮舒,D1287,田杉遠,富邦全球投資等級債券,1207
459,20221128,F2871,黎奕舒,W2337,涂玉芸,富邦長紅基金,2126
460,20221128,X2889,魏于嬋,D1287,田杉遠,富邦高成長基金,3873
461,20221128,F2871,黎奕舒,H2664,林丹雨,富邦全球投資等級債券,2658
462,20221129,L2699,黃容旭,X1422,吳光理,富邦全球投資等級債券,4625
463,20221129,X2889,魏于嬋,G1787,詹剛勝,富邦精準基金,2193
464,20221201,L2699,黃容旭,U1092,王曉明,富邦精銳中小基金,504
465,20221201,L2699,黃容旭,E2600,林銀霞,富邦吉祥貨幣市場基金,3544
466,20221203,B1436,吳光磊,I1055,張實豪,富邦長紅基金,1489
467,20221206,W1150,洪林歆,D1287,田杉遠,富邦精準基金,1609
468,20221206,K2546,賴芯菡,U1092,王曉明,富邦長紅基金,121
469,20221206,X2889,魏于嬋,G1787,詹剛勝,富邦全球投資等級債券,1187
470,20221207,U2206,林昀琉,U2636,江可微,富邦全球不動產基金,195
471,20221208,X2889,魏于嬋,Z2432,鄭慧飛,富邦大中華成長基金,1043
472,20221208,Y2145,魏宛禹,C2526,王喧海,富邦吉祥貨幣市場基金,3454
473,20221208,X2889,魏于嬋,J2985,胡正爾,富邦吉祥貨幣市場基金,1326
474,20221209,K2546,賴芯菡,D1287,田杉遠,富邦高成長基金,1146
475,20221210,W1150,洪林歆,W2337,涂玉芸,富邦科技基金富邦台灣心基金,1687
476,20221210,K2546,賴芯菡,O2672,孫捷玟,富邦精銳中小基金,2581
477,20221211,V1046,陳濮舒,Y1718,鄒祺興,富邦吉祥貨幣市場基金,2371
478,20221211,B1436,吳光磊,A1849,王斯運,富邦吉祥貨幣市場基金,1316
479,20221212,X2889,魏于嬋,A2401,顏平言,富邦長紅基金,2475
480,20221213,K2546,賴芯菡,U2636,江可微,富邦吉祥貨幣市場基金,3307
481,20221213,L2699,黃容旭,Z2432,鄭慧飛,富邦高成長基金,3723
482,20221214,K2546,賴芯菡,U2636,江可微,富邦全球不動產基金,1532
483,20221216,A1405,曾添瑩,C2526,王喧海,富邦長紅基金,2392
484,20221218,U2206,林昀琉,D1287,田杉遠,富邦精銳中小基金,4742
485,20221220,F2871,黎奕舒,H2664,林丹雨,富邦大中華成長基金,990
486,20221220,U2206,林昀琉,E2600,林銀霞,富邦精銳中小基金,3134
487,20221222,W1150,洪林歆,C2526,王喧海,富邦大中華成長基金,1269
488,20221223,V1046,陳濮舒,W2337,涂玉芸,富邦科技基金富邦台灣心基金,1095
489,20221223,U2206,林昀琉,J2985,胡正爾,富邦精銳中小基金,4648
490,20221223,A1405,曾添瑩,C2526,王喧海,富邦科技基金富邦台灣心基金,4379
491,20221223,W1150,洪林歆,X1760,賴凰鳴,富邦吉祥貨幣市場基金,178
492,20221224,B1436,吳光磊,Y1718,鄒祺興,富邦吉祥貨幣市場基金,2154
493,20221225,F2871,黎奕舒,O2672,孫捷玟,富邦大中華成長基金,2242
494,20221226,F2871,黎奕舒,C2526,王喧海,富邦全球不動產基金,3990
495,20221226,K2546,賴芯菡,C2526,王喧海,富邦吉祥貨幣市場基金,3552
496,20221227,U2206,林昀琉,I1055,張實豪,富邦科技基金富邦台灣心基金,1390
497,20221228,K2546,賴芯菡,U2636,江可微,富邦全球不動產基金,3082
498,20221229,B1436,吳光磊,C2526,王喧海,富邦全球投資等級債券,2758
499,20221230,Y2145,魏宛禹,O2672,孫捷玟,富邦高成長基金,1485
500,20230101,L2699,黃容旭,U1092,王曉明,富邦科技基金富邦台灣心基金,4765
501,20230101,F2871,黎奕舒,X1760,賴凰鳴,富邦大中華成長基金,1510
502,20230102,Y2145,魏宛禹,X1760,賴凰鳴,富邦大中華成長基金,859
503,20230103,K2546,賴芯菡,U2636,江可微,富邦大中華成長基金,4476
504,20230105,A1405,曾添瑩,X1760,賴凰鳴,富邦大中華成長基金,2028
505,20230106,W1150,洪林歆,Y1718,鄒祺興,富邦長紅基金,3246
506,20230106,W1150,洪林歆,X1422,吳光理,富邦科技基金富邦台灣心基金,3146
507,20230108,W1150,洪林歆,W2337,涂玉芸,富邦高成長基金,3997
508,20230108,V1046,陳濮舒,C2834,王亞鬆,富邦精銳中小基金,4757
509,20230109,F2871,黎奕舒,X1760,賴凰鳴,富邦精銳中小基金,3284
510,20230109,Y2145,魏宛禹,O2672,孫捷玟,富邦精銳中小基金,396
511,20230109,U2206,林昀琉,A1849,王斯運,富邦全球投資等級債券,3772
512,20230109,F2871,黎奕舒,O2672,孫捷玟,富邦精準基金,4326
513,20230111,A1405,曾添瑩,A1849,王斯運,富邦大中華成長基金,2540
514,20230112,U2206,林昀琉,J2985,胡正爾,富邦吉祥貨幣市場基金,3834
515,20230112,X2889,魏于嬋,X1760,賴凰鳴,富邦科技基金富邦台灣心基金,1657
516,20230113,A1405,曾添瑩,G1787,詹剛勝,富邦精準基金,1314
517,20230116,F2871,黎奕舒,U1092,王曉明,富邦高成長基金,2780
518,20230116,F2871,黎奕舒,A1849,王斯運,富邦長紅基金,2417
519,20230116,Y2145,魏宛禹,O1949,周塵文,富邦精銳中小基金,2431
520,20230119,W1150,洪林歆,W2337,涂玉芸,富邦長紅基金,1874
521,20230122,Y2145,魏宛禹,U2636,江可微,富邦長紅基金,4585
522,20230122,L2699,黃容旭,B2099,洪安文,富邦精準基金,4499
523,20230123,B1436,吳光磊,C2526,王喧海,富邦科技基金富邦台灣心基金,990
524,20230123,U2206,林昀琉,A1849,王斯運,富邦全球不動產基金,743
525,20230124,V1046,陳濮舒,D1287,田杉遠,富邦長紅基金,205
526,20230125,F2871,黎奕舒,B2099,洪安文,富邦精銳中小基金,564
527,20230125,F2871,黎奕舒,C2526,王喧海,富邦全球不動產基金,1753
528,20230125,B1436,吳光磊,J2985,胡正爾,富邦全球投資等級債券,1961
529,20230126,B1436,吳光磊,D1287,田杉遠,富邦吉祥貨幣市場基金,3772
530,20230129,W1150,洪林歆,U1092,王曉明,富邦大中華成長基金,4000
531,20230129,B1436,吳光磊,X1422,吳光理,富邦精銳中小基金,2012
532,20230131,B1436,吳光磊,W2337,涂玉芸,富邦大中華成長基金,2883
533,20230131,F2871,黎奕舒,O2672,孫捷玟,富邦科技基金富邦台灣心基金,1372
534,20230131,X2889,魏于嬋,G1787,詹剛勝,富邦長紅基金,4981
535,20230201,U2206,林昀琉,E2600,林銀霞,富邦大中華成長基金,2979
536,20230201,U2206,林昀琉,Z2432,鄭慧飛,富邦科技基金富邦台灣心基金,741
537,20230201,V1046,陳濮舒,B2099,洪安文,富邦大中華成長基金,3632
538,20230203,W1150,洪林歆,D1287,田杉遠,富邦精準基金,3906
539,20230203,L2699,黃容旭,C2526,王喧海,富邦高成長基金,1577
540,20230204,K2546,賴芯菡,Z2432,鄭慧飛,富邦精銳中小基金,1052
541,20230205,W1150,洪林歆,C2834,王亞鬆,富邦大中華成長基金,4843
542,20230205,Y2145,魏宛禹,U2636,江可微,富邦大中華成長基金,1770
543,20230206,U2206,林昀琉,O1949,周塵文,富邦高成長基金,1763
544,20230206,V1046,陳濮舒,C2526,王喧海,富邦長紅基金,2360
545,20230207,Y2145,魏宛禹,O2672,孫捷玟,富邦高成長基金,2479
546,20230208,X2889,魏于嬋,B2099,洪安文,富邦吉祥貨幣市場基金,2832
547,20230209,Y2145,魏宛禹,G1787,詹剛勝,富邦大中華成長基金,161
548,20230209,K2546,賴芯菡,W2337,涂玉芸,富邦精銳中小基金,3803
549,20230209,V1046,陳濮舒,W2337,涂玉芸,富邦高成長基金,1370
550,20230209,F2871,黎奕舒,A1849,王斯運,富邦長紅基金,515
551,20230209,X2889,魏于嬋,J2985,胡正爾,富邦大中華成長基金,1300
552,20230210,K2546,賴芯菡,X1760,賴凰鳴,富邦吉祥貨幣市場基金,4479
553,20230211,F2871,黎奕舒,X1422,吳光理,富邦高成長基金,4395
554,20230212,A1405,曾添瑩,C2526,王喧海,富邦精銳中小基金,4220
555,20230212,Y2145,魏宛禹,Z2432,鄭慧飛,富邦大中華成長基金,3139
556,20230212,U2206,林昀琉,I1055,張實豪,富邦高成長基金,3560
557,20230215,W1150,洪林歆,A2401,顏平言,富邦大中華成長基金,4418
558,20230215,L2699,黃容旭,H2664,林丹雨,富邦全球投資等級債券,2154
559,20230215,U2206,林昀琉,J2985,胡正爾,富邦精銳中小基金,4180
560,20230215,B1436,吳光磊,Y1718,鄒祺興,富邦大中華成長基金,4568
561,20230219,X2889,魏于嬋,B2099,洪安文,富邦全球不動產基金,2481
562,20230219,F2871,黎奕舒,O2672,孫捷玟,富邦高成長基金,3432
563,20230219,W1150,洪林歆,E2600,林銀霞,富邦大中華成長基金,74
564,20230221,K2546,賴芯菡,E2600,林銀霞,富邦科技基金富邦台灣心基金,649
565,20230222,W1150,洪林歆,C2526,王喧海,富邦全球投資等級債券,3954
566,20230222,X2889,魏于嬋,W2337,涂玉芸,富邦精銳中小基金,2416
567,20230222,W1150,洪林歆,U2636,江可微,富邦高成長基金,4668
568,20230223,K2546,賴芯菡,Z2432,鄭慧飛,富邦精銳中小基金,4243
569,20230224,B1436,吳光磊,O2672,孫捷玟,富邦精準基金,203
570,20230225,W1150,洪林歆,B2099,洪安文,富邦高成長基金,339
571,20230225,Y2145,魏宛禹,E2600,林銀霞,富邦高成長基金,1919
572,20230226,K2546,賴芯菡,A2401,顏平言,富邦吉祥貨幣市場基金,1693
573,20230227,U2206,林昀琉,O2672,孫捷玟,富邦高成長基金,1532
574,20230302,X2889,魏于嬋,Z2432,鄭慧飛,富邦大中華成長基金,4055
575,20230304,X2889,魏于嬋,X1760,賴凰鳴,富邦大中華成長基金,4843
576,20230304,L2699,黃容旭,G1787,詹剛勝,富邦科技基金富邦台灣心基金,3981
577,20230305,B1436,吳光磊,D1287,田杉遠,富邦精銳中小基金,3392
578,20230305,W1150,洪林歆,G1787,詹剛勝,富邦全球不動產基金,2511
579,20230307,B1436,吳光磊,A2401,顏平言,富邦全球投資等級債券,636
580,20230307,B1436,吳光磊,X1760,賴凰鳴,富邦精準基金,1379
581,20230307,K2546,賴芯菡,A2401,顏平言,富邦長紅基金,945
582,20230309,U2206,林昀琉,H2664,林丹雨,富邦精準基金,3161
583,20230309,B1436,吳光磊,A2401,顏平言,富邦全球投資等級債券,4600
584,20230309,W1150,洪林歆,A1849,王斯運,富邦吉祥貨幣市場基金,1658
585,20230310,Y2145,魏宛禹,G1787,詹剛勝,富邦精準基金,3184
586,20230310,K2546,賴芯菡,J2985,胡正爾,富邦全球不動產基金,1155
587,20230311,Y2145,魏宛禹,I1055,張實豪,富邦大中華成長基金,2912
588,20230311,Y2145,魏宛禹,A2401,顏平言,富邦大中華成長基金,3397
589,20230312,K2546,賴芯菡,D1287,田杉遠,富邦全球投資等級債券,2704
590,20230312,B1436,吳光磊,J2985,胡正爾,富邦吉祥貨幣市場基金,4960
591,20230312,X2889,魏于嬋,O1949,周塵文,富邦大中華成長基金,1396
592,20230313,F2871,黎奕舒,A2401,顏平言,富邦高成長基金,3556
593,20230314,X2889,魏于嬋,B2099,洪安文,富邦精銳中小基金,4212
594,20230315,X2889,魏于嬋,I1055,張實豪,富邦精準基金,1546
595,20230316,F2871,黎奕舒,D1287,田杉遠,富邦精銳中小基金,4732
596,20230316,F2871,黎奕舒,A2401,顏平言,富邦吉祥貨幣市場基金,393
597,20230316,B1436,吳光磊,A1849,王斯運,富邦精準基金,524
598,20230317,L2699,黃容旭,C2526,王喧海,富邦大中華成長基金,2064
599,20230317,A1405,曾添瑩,O2672,孫捷玟,富邦大中華成長基金,532
600,20230317,K2546,賴芯菡,O1949,周塵文,富邦高成長基金,2027
601,20230318,L2699,黃容旭,C2834,王亞鬆,富邦精準基金,2580
602,20230321,A1405,曾添瑩,B2099,洪安文,富邦全球投資等級債券,4930
603,20230325,Y2145,魏宛禹,X1422,吳光理,富邦精銳中小基金,62
604,20230326,K2546,賴芯菡,O2672,孫捷玟,富邦精準基金,2917
605,20230326,K2546,賴芯菡,C2834,王亞鬆,富邦全球不動產基金,347
606,20230327,X2889,魏于嬋,Y1718,鄒祺興,富邦大中華成長基金,3760
607,20230327,X2889,魏于嬋,H2664,林丹雨,富邦精準基金,4318
608,20230327,B1436,吳光磊,G1787,詹剛勝,富邦科技基金富邦台灣心基金,516
609,20230328,Y2145,魏宛禹,U1092,王曉明,富邦吉祥貨幣市場基金,4362
610,20230329,K2546,賴芯菡,A1849,王斯運,富邦高成長基金,441
611,20230329,W1150,洪林歆,G1787,詹剛勝,富邦長紅基金,3309
612,20230329,L2699,黃容旭,C2526,王喧海,富邦精準基金,4096
613,20230330,K2546,賴芯菡,G1787,詹剛勝,富邦吉祥貨幣市場基金,1112
614,20230401,W1150,洪林歆,G1787,詹剛勝,富邦全球投資等級債券,427
615,20230401,A1405,曾添瑩,Y1718,鄒祺興,富邦科技基金富邦台灣心基金,2529
616,20230402,U2206,林昀琉,H2664,林丹雨,富邦大中華成長基金,4911
617,20230403,F2871,黎奕舒,H2664,林丹雨,富邦全球投資等級債券,3368
618,20230404,W1150,洪林歆,X1422,吳光理,富邦長紅基金,4653
619,20230404,L2699,黃容旭,O2672,孫捷玟,富邦精銳中小基金,1155
620,20230404,U2206,林昀琉,D1287,田杉遠,富邦全球不動產基金,3483
621,20230405,A1405,曾添瑩,H2664,林丹雨,富邦長紅基金,3277
622,20230405,W1150,洪林歆,O2672,孫捷玟,富邦大中華成長基金,1980
623,20230405,A1405,曾添瑩,U2636,江可微,富邦精銳中小基金,2247
624,20230405,A1405,曾添瑩,J2985,胡正爾,富邦吉祥貨幣市場基金,3100
625,20230406,K2546,賴芯菡,O1949,周塵文,富邦吉祥貨幣市場基金,959
626,20230406,V1046,陳濮舒,B2099,洪安文,富邦精準基金,2532
627,20230408,F2871,黎奕舒,J2985,胡正爾,富邦長紅基金,433
628,20230408,B1436,吳光磊,B2099,洪安文,富邦高成長基金,3909
629,20230408,K2546,賴芯菡,C2526,王喧海,富邦精銳中小基金,4225
630,20230409,K2546,賴芯菡,H2664,林丹雨,富邦吉祥貨幣市場基金,3843
631,20230409,K2546,賴芯菡,O1949,周塵文,富邦精銳中小基金,2661
632,20230412,L2699,黃容旭,X1422,吳光理,富邦長紅基金,3229
633,20230412,K2546,賴芯菡,I1055,張實豪,富邦高成長基金,2427
634,20230412,A1405,曾添瑩,W2337,涂玉芸,富邦高成長基金,4975
635,20230413,K2546,賴芯菡,A1849,王斯運,富邦吉祥貨幣市場基金,3056
636,20230414,W1150,洪林歆,O2672,孫捷玟,富邦高成長基金,3117
637,20230415,K2546,賴芯菡,X1760,賴凰鳴,富邦大中華成長基金,3216
638,20230416,Y2145,魏宛禹,A2401,顏平言,富邦科技基金富邦台灣心基金,2634
639,20230417,X2889,魏于嬋,A1849,王斯運,富邦全球投資等級債券,959
640,20230417,W1150,洪林歆,C2834,王亞鬆,富邦大中華成長基金,2139
641,20230417,V1046,陳濮舒,X1422,吳光理,富邦長紅基金,1048
642,20230417,K2546,賴芯菡,U1092,王曉明,富邦吉祥貨幣市場基金,1935
643,20230420,X2889,魏于嬋,C2834,王亞鬆,富邦大中華成長基金,1750
644,20230420,L2699,黃容旭,B2099,洪安文,富邦精銳中小基金,4626
645,20230420,F2871,黎奕舒,J2985,胡正爾,富邦吉祥貨幣市場基金,3609
646,20230420,W1150,洪林歆,D1287,田杉遠,富邦高成長基金,1359
647,20230420,X2889,魏于嬋,G1787,詹剛勝,富邦大中華成長基金,2051
648,20230421,V1046,陳濮舒,A1849,王斯運,富邦精銳中小基金,573
649,20230422,F2871,黎奕舒,D1287,田杉遠,富邦高成長基金,2239
650,20230423,B1436,吳光磊,U2636,江可微,富邦高成長基金,2150
651,20230424,X2889,魏于嬋,E2600,林銀霞,富邦精準基金,4182
652,20230424,A1405,曾添瑩,U1092,王曉明,富邦全球不動產基金,4301
653,20230426,W1150,洪林歆,X1422,吳光理,富邦長紅基金,797
654,20230426,A1405,曾添瑩,O2672,孫捷玟,富邦大中華成長基金,4918
655,20230426,K2546,賴芯菡,A2401,顏平言,富邦精準基金,4670
656,20230427,W1150,洪林歆,U2636,江可微,富邦高成長基金,384
657,20230427,Y2145,魏宛禹,W2337,涂玉芸,富邦科技基金富邦台灣心基金,2719
658,20230428,A1405,曾添瑩,U1092,王曉明,富邦大中華成長基金,924
659,20230428,F2871,黎奕舒,H2664,林丹雨,富邦科技基金富邦台灣心基金,4075
660,20230428,Y2145,魏宛禹,A1849,王斯運,富邦全球不動產基金,1951
661,20230428,Y2145,魏宛禹,C2834,王亞鬆,富邦高成長基金,2238
662,20230429,W1150,洪林歆,X1760,賴凰鳴,富邦大中華成長基金,3674
663,20230429,X2889,魏于嬋,H2664,林丹雨,富邦精準基金,1039
664,20230429,V1046,陳濮舒,A2401,顏平言,富邦全球不動產基金,3174
665,20230429,K2546,賴芯菡,Z2432,鄭慧飛,富邦長紅基金,592
666,20230430,K2546,賴芯菡,W2337,涂玉芸,富邦精銳中小基金,1458
667,20230430,W1150,洪林歆,C2526,王喧海,富邦精銳中小基金,4505
668,20230430,F2871,黎奕舒,E2600,林銀霞,富邦精銳中小基金,3879
669,20230501,Y2145,魏宛禹,A1849,王斯運,富邦精銳中小基金,2134
670,20230501,L2699,黃容旭,E2600,林銀霞,富邦精銳中小基金,2772
671,20230502,B1436,吳光磊,Z2432,鄭慧飛,富邦長紅基金,1860
672,20230503,A1405,曾添瑩,U1092,王曉明,富邦全球投資等級債券,2879
673,20230504,F2871,黎奕舒,B2099,洪安文,富邦高成長基金,3285
674,20230506,K2546,賴芯菡,B2099,洪安文,富邦全球投資等級債券,255
675,20230506,L2699,黃容旭,G1787,詹剛勝,富邦全球投資等級債券,3507
676,20230506,B1436,吳光磊,U1092,王曉明,富邦科技基金富邦台灣心基金,1363
677,20230506,F2871,黎奕舒,Z2432,鄭慧飛,富邦全球不動產基金,1681
678,20230507,X2889,魏于嬋,D1287,田杉遠,富邦吉祥貨幣市場基金,1890
679,20230508,X2889,魏于嬋,Z2432,鄭慧飛,富邦精準基金,4164
680,20230509,W1150,洪林歆,X1422,吳光理,富邦長紅基金,2495
681,20230509,B1436,吳光磊,G1787,詹剛勝,富邦吉祥貨幣市場基金,3273
682,20230510,V1046,陳濮舒,E2600,林銀霞,富邦吉祥貨幣市場基金,1326
683,20230510,U2206,林昀琉,Y1718,鄒祺興,富邦精銳中小基金,2844
684,20230512,F2871,黎奕舒,B2099,洪安文,富邦高成長基金,1568
685,20230513,U2206,林昀琉,Y1718,鄒祺興,富邦全球投資等級債券,3408
686,20230517,X2889,魏于嬋,Y1718,鄒祺興,富邦科技基金富邦台灣心基金,3298
687,20230517,B1436,吳光磊,G1787,詹剛勝,富邦吉祥貨幣市場基金,2170
688,20230517,U2206,林昀琉,B2099,洪安文,富邦精準基金,3960
689,20230518,B1436,吳光磊,H2664,林丹雨,富邦精銳中小基金,999
690,20230519,Y2145,魏宛禹,E2600,林銀霞,富邦全球投資等級債券,1828
691,20230520,L2699,黃容旭,A1849,王斯運,富邦高成長基金,1803
692,20230520,Y2145,魏宛禹,Z2432,鄭慧飛,富邦科技基金富邦台灣心基金,3163
693,20230521,X2889,魏于嬋,Z2432,鄭慧飛,富邦精準基金,1375
694,20230521,K2546,賴芯菡,C2526,王喧海,富邦高成長基金,2096
695,20230522,K2546,賴芯菡,O1949,周塵文,富邦全球不動產基金,2822
696,20230522,W1150,洪林歆,U2636,江可微,富邦科技基金富邦台灣心基金,3000
697,20230522,X2889,魏于嬋,A2401,顏平言,富邦長紅基金,1050
698,20230524,V1046,陳濮舒,E2600,林銀霞,富邦高成長基金,4512
699,20230524,L2699,黃容旭,E2600,林銀霞,富邦全球不動產基金,2430
700,20230525,F2871,黎奕舒,G1787,詹剛勝,富邦吉祥貨幣市場基金,1586
701,20230525,V1046,陳濮舒,A2401,顏平言,富邦高成長基金,3038
702,20230525,W1150,洪林歆,C2834,王亞鬆,富邦全球投資等級債券,766
703,20230525,A1405,曾添瑩,U2636,江可微,富邦全球投資等級債券,3885
704,20230527,W1150,洪林歆,Y1718,鄒祺興,富邦精準基金,3727
705,20230527,X2889,魏于嬋,A2401,顏平言,富邦全球不動產基金,2428
706,20230528,U2206,林昀琉,O1949,周塵文,富邦全球投資等級債券,3163
707,20230529,V1046,陳濮舒,E2600,林銀霞,富邦長紅基金,577
708,20230530,B1436,吳光磊,H2664,林丹雨,富邦高成長基金,61
709,20230530,K2546,賴芯菡,B2099,洪安文,富邦大中華成長基金,4350
710,20230531,L2699,黃容旭,C2834,王亞鬆,富邦高成長基金,1361
711,20230601,V1046,陳濮舒,U2636,江可微,富邦高成長基金,4716
712,20230601,Y2145,魏宛禹,B2099,洪安文,富邦長紅基金,1179
713,20230602,V1046,陳濮舒,U1092,王曉明,富邦吉祥貨幣市場基金,239
714,20230602,Y2145,魏宛禹,J2985,胡正爾,富邦長紅基金,3932
715,20230602,L2699,黃容旭,X1422,吳光理,富邦高成長基金,3847
716,20230603,Y2145,魏宛禹,X1422,吳光理,富邦吉祥貨幣市場基金,1437
717,20230603,K2546,賴芯菡,G1787,詹剛勝,富邦精準基金,3540
718,20230605,L2699,黃容旭,O1949,周塵文,富邦高成長基金,502
719,20230605,W1150,洪林歆,B2099,洪安文,富邦大中華成長基金,3586
720,20230606,X2889,魏于嬋,O2672,孫捷玟,富邦高成長基金,871
721,20230608,A1405,曾添瑩,U2636,江可微,富邦全球投資等級債券,3372
722,20230608,W1150,洪林歆,C2526,王喧海,富邦吉祥貨幣市場基金,4669
723,20230609,W1150,洪林歆,I1055,張實豪,富邦科技基金富邦台灣心基金,617
724,20230610,F2871,黎奕舒,U1092,王曉明,富邦精銳中小基金,3560
725,20230610,X2889,魏于嬋,O2672,孫捷玟,富邦全球不動產基金,4762
726,20230610,L2699,黃容旭,O1949,周塵文,富邦吉祥貨幣市場基金,3209
727,20230611,X2889,魏于嬋,X1760,賴凰鳴,富邦全球不動產基金,2756
728,20230611,X2889,魏于嬋,O2672,孫捷玟,富邦大中華成長基金,4151
729,20230612,F2871,黎奕舒,O1949,周塵文,富邦大中華成長基金,271
730,20230612,Y2145,魏宛禹,E2600,林銀霞,富邦科技基金富邦台灣心基金,481
731,20230612,U2206,林昀琉,B2099,洪安文,富邦科技基金富邦台灣心基金,3480
732,20230613,L2699,黃容旭,W2337,涂玉芸,富邦高成長基金,4349
733,20230613,U2206,林昀琉,A2401,顏平言,富邦全球投資等級債券,3733
734,20230613,W1150,洪林歆,E2600,林銀霞,富邦吉祥貨幣市場基金,1386
735,20230613,U2206,林昀琉,G1787,詹剛勝,富邦大中華成長基金,2333
736,20230613,X2889,魏于嬋,Z2432,鄭慧飛,富邦高成長基金,1725
737,20230614,B1436,吳光磊,O2672,孫捷玟,富邦吉祥貨幣市場基金,3641
738,20230614,A1405,曾添瑩,C2526,王喧海,富邦吉祥貨幣市場基金,584
739,20230614,Y2145,魏宛禹,A1849,王斯運,富邦長紅基金,1848
740,20230616,K2546,賴芯菡,W2337,涂玉芸,富邦全球投資等級債券,4286
741,20230616,Y2145,魏宛禹,I1055,張實豪,富邦高成長基金,464
742,20230617,B1436,吳光磊,X1422,吳光理,富邦全球不動產基金,1467
743,20230618,X2889,魏于嬋,G1787,詹剛勝,富邦精銳中小基金,4251
744,20230619,B1436,吳光磊,Z2432,鄭慧飛,富邦高成長基金,3637
745,20230621,F2871,黎奕舒,X1422,吳光理,富邦全球不動產基金,2406
746,20230625,U2206,林昀琉,O2672,孫捷玟,富邦長紅基金,4061
747,20230625,B1436,吳光磊,J2985,胡正爾,富邦全球不動產基金,1853
748,20230627,K2546,賴芯菡,C2834,王亞鬆,富邦精準基金,2989
749,20230628,K2546,賴芯菡,O1949,周塵文,富邦吉祥貨幣市場基金,3488
750,20230629,A1405,曾添瑩,J2985,胡正爾,富邦全球不動產基金,1799
751,20230630,K2546,賴芯菡,Y1718,鄒祺興,富邦吉祥貨幣市場基金,2523
752,20230701,L2699,黃容旭,G1787,詹剛勝,富邦長紅基金,4505
753,20230701,V1046,陳濮舒,U1092,王曉明,富邦高成長基金,4320
754,20230702,U2206,林昀琉,O1949,周塵文,富邦科技基金富邦台灣心基金,1510
755,20230702,V1046,陳濮舒,X1760,賴凰鳴,富邦精準基金,2729
756,20230702,A1405,曾添瑩,O2672,孫捷玟,富邦科技基金富邦台灣心基金,1282
757,20230702,V1046,陳濮舒,H2664,林丹雨,富邦精銳中小基金,3518
758,20230703,B1436,吳光磊,B2099,洪安文,富邦大中華成長基金,2481
759,20230703,Y2145,魏宛禹,G1787,詹剛勝,富邦吉祥貨幣市場基金,4888
760,20230704,W1150,洪林歆,H2664,林丹雨,富邦全球投資等級債券,1138
761,20230705,V1046,陳濮舒,E2600,林銀霞,富邦吉祥貨幣市場基金,3603
762,20230705,F2871,黎奕舒,O1949,周塵文,富邦吉祥貨幣市場基金,3555
763,20230707,K2546,賴芯菡,C2834,王亞鬆,富邦吉祥貨幣市場基金,4057
764,20230708,V1046,陳濮舒,A1849,王斯運,富邦全球投資等級債券,2654
765,20230709,X2889,魏于嬋,I1055,張實豪,富邦長紅基金,2951
766,20230710,X2889,魏于嬋,W2337,涂玉芸,富邦全球不動產基金,2041
767,20230710,W1150,洪林歆,W2337,涂玉芸,富邦全球不動產基金,3215
768,20230711,V1046,陳濮舒,D1287,田杉遠,富邦全球投資等級債券,1098
769,20230713,L2699,黃容旭,Y1718,鄒祺興,富邦精準基金,2892
770,20230713,B1436,吳光磊,O2672,孫捷玟,富邦科技基金富邦台灣心基金,4897
771,20230714,F2871,黎奕舒,C2834,王亞鬆,富邦全球投資等級債券,643
772,20230714,Y2145,魏宛禹,W2337,涂玉芸,富邦全球不動產基金,503
773,20230714,L2699,黃容旭,J2985,胡正爾,富邦全球不動產基金,3410
774,20230714,B1436,吳光磊,C2834,王亞鬆,富邦全球投資等級債券,4309
775,20230715,A1405,曾添瑩,E2600,林銀霞,富邦科技基金富邦台灣心基金,2765
776,20230715,U2206,林昀琉,O1949,周塵文,富邦全球不動產基金,718
777,20230716,Y2145,魏宛禹,D1287,田杉遠,富邦精準基金,1034
778,20230717,B1436,吳光磊,C2526,王喧海,富邦科技基金富邦台灣心基金,1486
779,20230717,W1150,洪林歆,B2099,洪安文,富邦吉祥貨幣市場基金,277
780,20230718,Y2145,魏宛禹,I1055,張實豪,富邦高成長基金,3798
781,20230720,B1436,吳光磊,W2337,涂玉芸,富邦高成長基金,4648
782,20230720,X2889,魏于嬋,G1787,詹剛勝,富邦大中華成長基金,1547
783,20230720,Y2145,魏宛禹,D1287,田杉遠,富邦精銳中小基金,2976
784,20230721,Y2145,魏宛禹,Z2432,鄭慧飛,富邦科技基金富邦台灣心基金,552
785,20230721,K2546,賴芯菡,Z2432,鄭慧飛,富邦精準基金,4199
786,20230722,X2889,魏于嬋,H2664,林丹雨,富邦長紅基金,185
787,20230723,A1405,曾添瑩,B2099,洪安文,富邦全球投資等級債券,1851
788,20230723,Y2145,魏宛禹,U2636,江可微,富邦大中華成長基金,1118
789,20230723,L2699,黃容旭,U2636,江可微,富邦精準基金,460
790,20230724,K2546,賴芯菡,C2834,王亞鬆,富邦全球不動產基金,2165
791,20230725,F2871,黎奕舒,Z2432,鄭慧飛,富邦長紅基金,2451
792,20230726,B1436,吳光磊,C2834,王亞鬆,富邦吉祥貨幣市場基金,3034
793,20230726,V1046,陳濮舒,Y1718,鄒祺興,富邦吉祥貨幣市場基金,2333
794,20230728,V1046,陳濮舒,J2985,胡正爾,富邦全球不動產基金,3460
795,20230728,U2206,林昀琉,W2337,涂玉芸,富邦吉祥貨幣市場基金,2558
796,20230728,L2699,黃容旭,X1422,吳光理,富邦吉祥貨幣市場基金,4376
797,20230730,K2546,賴芯菡,B2099,洪安文,富邦精銳中小基金,999
798,20230731,X2889,魏于嬋,Y1718,鄒祺興,富邦全球投資等級債券,927
799,20230731,F2871,黎奕舒,I1055,張實豪,富邦精準基金,4606
800,20230801,F2871,黎奕舒,H2664,林丹雨,富邦精準基金,4335
801,20230803,L2699,黃容旭,G1787,詹剛勝,富邦大中華成長基金,1166
802,20230805,B1436,吳光磊,U1092,王曉明,富邦精準基金,1872
803,20230807,W1150,洪林歆,X1422,吳光理,富邦吉祥貨幣市場基金,2454
804,20230807,X2889,魏于嬋,E2600,林銀霞,富邦大中華成長基金,1275
805,20230808,B1436,吳光磊,U2636,江可微,富邦高成長基金,1138
806,20230809,L2699,黃容旭,I1055,張實豪,富邦吉祥貨幣市場基金,1055
807,20230810,U2206,林昀琉,Z2432,鄭慧飛,富邦大中華成長基金,4614
808,20230810,X2889,魏于嬋,I1055,張實豪,富邦吉祥貨幣市場基金,2822
809,20230811,X2889,魏于嬋,Y1718,鄒祺興,富邦科技基金富邦台灣心基金,2235
810,20230811,L2699,黃容旭,U1092,王曉明,富邦全球不動產基金,3642
811,20230812,X2889,魏于嬋,E2600,林銀霞,富邦全球不動產基金,498
812,20230812,L2699,黃容旭,C2526,王喧海,富邦全球不動產基金,1292
813,20230812,U2206,林昀琉,G1787,詹剛勝,富邦全球不動產基金,4890
814,20230814,X2889,魏于嬋,O1949,周塵文,富邦高成長基金,2367
815,20230818,F2871,黎奕舒,O1949,周塵文,富邦大中華成長基金,793
816,20230818,U2206,林昀琉,Y1718,鄒祺興,富邦科技基金富邦台灣心基金,470
817,20230819,W1150,洪林歆,I1055,張實豪,富邦全球投資等級債券,120
818,20230820,W1150,洪林歆,J2985,胡正爾,富邦精準基金,141
819,20230821,K2546,賴芯菡,A2401,顏平言,富邦全球不動產基金,3476
820,20230822,V1046,陳濮舒,A2401,顏平言,富邦精準基金,641
821,20230823,U2206,林昀琉,W2337,涂玉芸,富邦大中華成長基金,1181
822,20230823,U2206,林昀琉,I1055,張實豪,富邦科技基金富邦台灣心基金,3180
823,20230823,B1436,吳光磊,O1949,周塵文,富邦全球不動產基金,886
824,20230824,L2699,黃容旭,X1760,賴凰鳴,富邦科技基金富邦台灣心基金,705
825,20230824,L2699,黃容旭,A2401,顏平言,富邦吉祥貨幣市場基金,3328
826,20230824,A1405,曾添瑩,A1849,王斯運,富邦吉祥貨幣市場基金,3496
827,20230825,X2889,魏于嬋,Y1718,鄒祺興,富邦吉祥貨幣市場基金,1122
828,20230826,X2889,魏于嬋,U1092,王曉明,富邦全球不動產基金,3269
829,20230826,F2871,黎奕舒,O2672,孫捷玟,富邦長紅基金,878
830,20230826,V1046,陳濮舒,J2985,胡正爾,富邦精準基金,1635
831,20230827,W1150,洪林歆,C2834,王亞鬆,富邦吉祥貨幣市場基金,1649
832,20230827,Y2145,魏宛禹,O2672,孫捷玟,富邦精銳中小基金,3596
833,20230828,L2699,黃容旭,X1422,吳光理,富邦高成長基金,3330
834,20230829,Y2145,魏宛禹,U2636,江可微,富邦長紅基金,3826
835,20230829,U2206,林昀琉,A2401,顏平言,富邦科技基金富邦台灣心基金,4246
836,20230829,A1405,曾添瑩,Z2432,鄭慧飛,富邦長紅基金,2450
837,20230829,L2699,黃容旭,X1422,吳光理,富邦高成長基金,4344
838,20230830,B1436,吳光磊,B2099,洪安文,富邦科技基金富邦台灣心基金,721
839,20230830,W1150,洪林歆,H2664,林丹雨,富邦全球投資等級債券,4998
840,20230831,Y2145,魏宛禹,X1422,吳光理,富邦吉祥貨幣市場基金,4561
841,20230831,L2699,黃容旭,X1422,吳光理,富邦科技基金富邦台灣心基金,3887
842,20230831,W1150,洪林歆,O1949,周塵文,富邦大中華成長基金,4236
843,20230903,A1405,曾添瑩,H2664,林丹雨,富邦吉祥貨幣市場基金,2986
844,20230903,W1150,洪林歆,A1849,王斯運,富邦吉祥貨幣市場基金,634
845,20230906,Y2145,魏宛禹,C2526,王喧海,富邦精銳中小基金,4885
846,20230906,V1046,陳濮舒,C2834,王亞鬆,富邦全球不動產基金,264
847,20230907,A1405,曾添瑩,D1287,田杉遠,富邦精銳中小基金,3374
848,20230907,Y2145,魏宛禹,Y1718,鄒祺興,富邦高成長基金,2800
849,20230907,W1150,洪林歆,E2600,林銀霞,富邦精準基金,4692
850,20230908,U2206,林昀琉,E2600,林銀霞,富邦吉祥貨幣市場基金,3712
851,20230908,X2889,魏于嬋,U1092,王曉明,富邦全球投資等級債券,617
852,20230908,X2889,魏于嬋,Z2432,鄭慧飛,富邦吉祥貨幣市場基金,3630
853,20230908,X2889,魏于嬋,B2099,洪安文,富邦全球不動產基金,3385
854,20230908,K2546,賴芯菡,U2636,江可微,富邦精銳中小基金,2486
855,20230909,U2206,林昀琉,O1949,周塵文,富邦精準基金,1316
856,20230909,W1150,洪林歆,C2834,王亞鬆,富邦精準基金,1844
857,20230911,U2206,林昀琉,O2672,孫捷玟,富邦吉祥貨幣市場基金,2960
858,20230911,F2871,黎奕舒,U1092,王曉明,富邦科技基金富邦台灣心基金,120
859,20230913,K2546,賴芯菡,O2672,孫捷玟,富邦高成長基金,3652
860,20230913,U2206,林昀琉,H2664,林丹雨,富邦全球不動產基金,2097
861,20230914,V1046,陳濮舒,A2401,顏平言,富邦全球投資等級債券,366
862,20230914,A1405,曾添瑩,X1760,賴凰鳴,富邦精銳中小基金,3591
863,20230915,W1150,洪林歆,I1055,張實豪,富邦吉祥貨幣市場基金,3809
864,20230915,X2889,魏于嬋,E2600,林銀霞,富邦吉祥貨幣市場基金,937
865,20230916,Y2145,魏宛禹,C2526,王喧海,富邦科技基金富邦台灣心基金,4768
866,20230917,B1436,吳光磊,D1287,田杉遠,富邦全球不動產基金,4733
867,20230917,B1436,吳光磊,I1055,張實豪,富邦高成長基金,4035
868,20230917,B1436,吳光磊,D1287,田杉遠,富邦精銳中小基金,4649
869,20230917,W1150,洪林歆,A1849,王斯運,富邦長紅基金,3182
870,20230919,V1046,陳濮舒,A2401,顏平言,富邦全球不動產基金,876
871,20230920,B1436,吳光磊,D1287,田杉遠,富邦全球不動產基金,4345
872,20230921,X2889,魏于嬋,W2337,涂玉芸,富邦全球投資等級債券,4988
873,20230922,Y2145,魏宛禹,J2985,胡正爾,富邦精準基金,4746
874,20230922,W1150,洪林歆,C2834,王亞鬆,富邦大中華成長基金,2520
875,20230922,K2546,賴芯菡,Y1718,鄒祺興,富邦大中華成長基金,3270
876,20230923,L2699,黃容旭,J2985,胡正爾,富邦精準基金,1600
877,20230924,B1436,吳光磊,C2526,王喧海,富邦全球不動產基金,4386
878,20230925,K2546,賴芯菡,U2636,江可微,富邦長紅基金,4542
879,20230928,U2206,林昀琉,G1787,詹剛勝,富邦全球投資等級債券,3016
880,20230930,L2699,黃容旭,A1849,王斯運,富邦精準基金,748
881,20230930,A1405,曾添瑩,U2636,江可微,富邦吉祥貨幣市場基金,3834
882,20230930,Y2145,魏宛禹,X1760,賴凰鳴,富邦吉祥貨幣市場基金,2079
883,20230930,L2699,黃容旭,U1092,王曉明,富邦長紅基金,984
884,20231001,K2546,賴芯菡,H2664,林丹雨,富邦科技基金富邦台灣心基金,1247
885,20231002,X2889,魏于嬋,H2664,林丹雨,富邦精銳中小基金,1774
886,20231002,A1405,曾添瑩,C2834,王亞鬆,富邦科技基金富邦台灣心基金,2263
887,20231002,K2546,賴芯菡,U1092,王曉明,富邦長紅基金,4934
888,20231003,V1046,陳濮舒,A2401,顏平言,富邦科技基金富邦台灣心基金,2598
889,20231004,A1405,曾添瑩,X1422,吳光理,富邦吉祥貨幣市場基金,1198
890,20231007,K2546,賴芯菡,D1287,田杉遠,富邦大中華成長基金,1410
891,20231008,U2206,林昀琉,I1055,張實豪,富邦長紅基金,4284
892,20231009,B1436,吳光磊,X1422,吳光理,富邦高成長基金,1488
893,20231009,W1150,洪林歆,J2985,胡正爾,富邦高成長基金,4142
894,20231010,V1046,陳濮舒,W2337,涂玉芸,富邦高成長基金,2262
895,20231010,K2546,賴芯菡,U2636,江可微,富邦精銳中小基金,3662
896,20231011,L2699,黃容旭,B2099,洪安文,富邦精準基金,4424
897,20231011,Y2145,魏宛禹,W2337,涂玉芸,富邦全球投資等級債券,3302
898,20231012,U2206,林昀琉,J2985,胡正爾,富邦全球投資等級債券,3668
899,20231015,K2546,賴芯菡,X1760,賴凰鳴,富邦全球不動產基金,932
900,20231015,U2206,林昀琉,H2664,林丹雨,富邦長紅基金,1922
901,20231015,W1150,洪林歆,B2099,洪安文,富邦科技基金富邦台灣心基金,2437
902,20231016,A1405,曾添瑩,I1055,張實豪,富邦大中華成長基金,4985
903,20231016,B1436,吳光磊,C2834,王亞鬆,富邦精準基金,3254
904,20231016,L2699,黃容旭,U2636,江可微,富邦吉祥貨幣市場基金,3436
905,20231017,A1405,曾添瑩,G1787,詹剛勝,富邦長紅基金,851
906,20231017,X2889,魏于嬋,C2834,王亞鬆,富邦科技基金富邦台灣心基金,4741
907,20231017,A1405,曾添瑩,X1422,吳光理,富邦吉祥貨幣市場基金,1888
908,20231017,X2889,魏于嬋,O1949,周塵文,富邦吉祥貨幣市場基金,1525
909,20231018,W1150,洪林歆,W2337,涂玉芸,富邦大中華成長基金,4653
910,20231018,A1405,曾添瑩,A2401,顏平言,富邦大中華成長基金,1179
911,20231018,V1046,陳濮舒,G1787,詹剛勝,富邦精銳中小基金,902
912,20231019,U2206,林昀琉,Z2432,鄭慧飛,富邦精銳中小基金,4051
913,20231020,B1436,吳光磊,X1422,吳光理,富邦科技基金富邦台灣心基金,4589
914,20231021,B1436,吳光磊,B2099,洪安文,富邦吉祥貨幣市場基金,3267
915,20231022,X2889,魏于嬋,O2672,孫捷玟,富邦吉祥貨幣市場基金,3453
916,20231023,K2546,賴芯菡,A2401,顏平言,富邦長紅基金,1502
917,20231024,X2889,魏于嬋,U1092,王曉明,富邦精準基金,3726
918,20231024,U2206,林昀琉,J2985,胡正爾,富邦大中華成長基金,3137
919,20231025,U2206,林昀琉,O2672,孫捷玟,富邦全球投資等級債券,56
920,20231025,L2699,黃容旭,I1055,張實豪,富邦全球投資等級債券,3264
921,20231026,X2889,魏于嬋,X1760,賴凰鳴,富邦全球不動產基金,3523
922,20231027,L2699,黃容旭,G1787,詹剛勝,富邦科技基金富邦台灣心基金,1572
923,20231027,U2206,林昀琉,C2526,王喧海,富邦大中華成長基金,1651
924,20231027,X2889,魏于嬋,C2526,王喧海,富邦全球不動產基金,3254
925,20231027,F2871,黎奕舒,X1422,吳光理,富邦精準基金,1899
926,20231027,Y2145,魏宛禹,Y1718,鄒祺興,富邦全球投資等級債券,3972
927,20231028,X2889,魏于嬋,Y1718,鄒祺興,富邦大中華成長基金,2048
928,20231028,Y2145,魏宛禹,H2664,林丹雨,富邦長紅基金,522
929,20231028,V1046,陳濮舒,B2099,洪安文,富邦科技基金富邦台灣心基金,317
930,20231029,B1436,吳光磊,B2099,洪安文,富邦全球投資等級債券,4554
931,20231029,F2871,黎奕舒,C2526,王喧海,富邦大中華成長基金,2648
932,20231029,A1405,曾添瑩,I1055,張實豪,富邦大中華成長基金,2484
933,20231031,K2546,賴芯菡,X1422,吳光理,富邦大中華成長基金,315
934,20231101,B1436,吳光磊,C2834,王亞鬆,富邦高成長基金,3219
935,20231101,V1046,陳濮舒,Z2432,鄭慧飛,富邦科技基金富邦台灣心基金,1480
936,20231103,U2206,林昀琉,I1055,張實豪,富邦精準基金,4037
937,20231103,W1150,洪林歆,W2337,涂玉芸,富邦高成長基金,607
938,20231104,L2699,黃容旭,G1787,詹剛勝,富邦全球不動產基金,2695
939,20231104,X2889,魏于嬋,A1849,王斯運,富邦全球投資等級債券,4999
940,20231105,V1046,陳濮舒,C2834,王亞鬆,富邦全球投資等級債券,4272
941,20231105,K2546,賴芯菡,Z2432,鄭慧飛,富邦精銳中小基金,1525
942,20231106,F2871,黎奕舒,Z2432,鄭慧飛,富邦全球投資等級債券,3758
943,20231107,A1405,曾添瑩,E2600,林銀霞,富邦長紅基金,2841
944,20231107,B1436,吳光磊,O2672,孫捷玟,富邦科技基金富邦台灣心基金,4985
945,20231108,K2546,賴芯菡,O1949,周塵文,富邦全球投資等級債券,1712
946,20231108,V1046,陳濮舒,X1422,吳光理,富邦吉祥貨幣市場基金,4095
947,20231108,V1046,陳濮舒,Y1718,鄒祺興,富邦全球不動產基金,768
948,20231109,A1405,曾添瑩,H2664,林丹雨,富邦精銳中小基金,4470
949,20231110,X2889,魏于嬋,J2985,胡正爾,富邦長紅基金,3321
950,20231110,X2889,魏于嬋,A2401,顏平言,富邦吉祥貨幣市場基金,3222
951,20231111,A1405,曾添瑩,D1287,田杉遠,富邦科技基金富邦台灣心基金,4186
952,20231113,V1046,陳濮舒,B2099,洪安文,富邦長紅基金,4389
953,20231113,K2546,賴芯菡,J2985,胡正爾,富邦科技基金富邦台灣心基金,4440
954,20231114,Y2145,魏宛禹,Z2432,鄭慧飛,富邦全球投資等級債券,1650
955,20231115,Y2145,魏宛禹,J2985,胡正爾,富邦大中華成長基金,219
956,20231115,X2889,魏于嬋,W2337,涂玉芸,富邦精銳中小基金,4711
957,20231115,F2871,黎奕舒,U2636,江可微,富邦吉祥貨幣市場基金,1728
958,20231118,L2699,黃容旭,E2600,林銀霞,富邦科技基金富邦台灣心基金,3146
959,20231119,W1150,洪林歆,X1422,吳光理,富邦吉祥貨幣市場基金,213
960,20231120,W1150,洪林歆,I1055,張實豪,富邦全球投資等級債券,4654
961,20231120,V1046,陳濮舒,C2526,王喧海,富邦高成長基金,2307
962,20231121,K2546,賴芯菡,A1849,王斯運,富邦精銳中小基金,4175
963,20231121,K2546,賴芯菡,A2401,顏平言,富邦長紅基金,1194
964,20231122,L2699,黃容旭,C2834,王亞鬆,富邦長紅基金,1473
965,20231122,L2699,黃容旭,J2985,胡正爾,富邦全球不動產基金,1412
966,20231125,Y2145,魏宛禹,C2834,王亞鬆,富邦精準基金,2500
967,20231127,Y2145,魏宛禹,H2664,林丹雨,富邦高成長基金,3550
968,20231128,F2871,黎奕舒,A2401,顏平言,富邦吉祥貨幣市場基金,1171
969,20231129,U2206,林昀琉,E2600,林銀霞,富邦全球不動產基金,2151
970,20231129,B1436,吳光磊,W2337,涂玉芸,富邦科技基金富邦台灣心基金,1054
971,20231202,L2699,黃容旭,Z2432,鄭慧飛,富邦長紅基金,4380
972,20231205,X2889,魏于嬋,A2401,顏平言,富邦全球不動產基金,4123
973,20231207,K2546,賴芯菡,A2401,顏平言,富邦吉祥貨幣市場基金,239
974,20231209,L2699,黃容旭,J2985,胡正爾,富邦長紅基金,368
975,20231210,V1046,陳濮舒,U1092,王曉明,富邦吉祥貨幣市場基金,2275
976,20231211,W1150,洪林歆,J2985,胡正爾,富邦長紅基金,3786
977,20231211,Y2145,魏宛禹,D1287,田杉遠,富邦全球投資等級債券,2601
978,20231212,X2889,魏于嬋,A2401,顏平言,富邦全球投資等級債券,3860
979,20231212,Y2145,魏宛禹,H2664,林丹雨,富邦精準基金,4942
980,20231212,X2889,魏于嬋,E2600,林銀霞,富邦精銳中小基金,317
981,20231213,A1405,曾添瑩,U2636,江可微,富邦科技基金富邦台灣心基金,3658
982,20231213,V1046,陳濮舒,A1849,王斯運,富邦精銳中小基金,3022
983,20231214,F2871,黎奕舒,B2099,洪安文,富邦精銳中小基金,4730
984,20231215,V1046,陳濮舒,O1949,周塵文,富邦長紅基金,1447
985,20231215,Y2145,魏宛禹,B2099,洪安文,富邦吉祥貨幣市場基金,3513
986,20231215,F2871,黎奕舒,X1422,吳光理,富邦高成長基金,908
987,20231215,X2889,魏于嬋,W2337,涂玉芸,富邦全球不動產基金,4495
988,20231215,W1150,洪林歆,Z2432,鄭慧飛,富邦精準基金,1402
989,20231216,F2871,黎奕舒,W2337,涂玉芸,富邦全球不動產基金,2318
990,20231216,K2546,賴芯菡,A1849,王斯運,富邦科技基金富邦台灣心基金,4727
991,20231216,B1436,吳光磊,C2834,王亞鬆,富邦全球投資等級債券,1374
992,20231216,A1405,曾添瑩,W2337,涂玉芸,富邦精準基金,4085
993,20231222,K2546,賴芯菡,I1055,張實豪,富邦吉祥貨幣市場基金,3312
994,20231222,L2699,黃容旭,Y1718,鄒祺興,富邦全球投資等級債券,3465
995,20231225,W1150,洪林歆,U2636,江可微,富邦科技基金富邦台灣心基金,2635
996,20231228,K2546,賴芯菡,B2099,洪安文,富邦吉祥貨幣市場基金,2518
997,20231228,F2871,黎奕舒,X1422,吳光理,富邦吉祥貨幣市場基金,4044
998,20231228,X2889,魏于嬋,X1422,吳光理,富邦吉祥貨幣市場基金,825
999,20231229,F2871,黎奕舒,O1949,周塵文,富邦全球投資等級債券,1062
1000,20231229,Y2145,魏宛禹,E2600,林銀霞,富邦高成長基金,2791
